Movie, Rating, Genre, Production Budget, ROI, Genes
,,,,,
The Dark Knight,9.0,Action Adventure ,185000000,0.59012,Bleak,Rough,Exciting,Stylized,Suspenseful,master_villain,secret_identity,superhero,fighting_crime,mind_game,psychopath,good_versus_evil,Crimes,Heroes,Rivalry,criminal's_revenge,uninhibited_rivalry,moral_dilemma,unfulfilled_love,Deadly,Escapades,Law_enforcement,Mind_and_soul,Society,Undercover,ACTION,contemporary,21st_century,USA,Urban,award_winner,blockbuster,critically_acclaimed,Modern_classic,Golden_globe_winner,Prestigious_Awards,oscar_winner,All_star_cast,Hollywood_Tone,based_on_comics,Serious,Semi_fantastic,Special_effects,Violent_Content,
The Lord of the Rings: The Return of the King,8.9,Adventure Fantasy ,94000000,1.210801,Stylized,Exciting,Captivating,Atmospheric,Suspenseful,good_versus_evil,master_villain,master_warrior,leadership,save_the_world,friendship,destiny,heroic_mission,imaginary_kingdom,Battles,Danger,Escapades,Heroes,Imaginary,Rivalry,supernatural_ability,race_against_time,curses_spells_and_rituals,Chases_and_races,Supernatural,Friends,Hopes,ADVENTURE,FANTASY,ACTION,award_winner,blockbuster,critically_acclaimed,oscar_winner,Modern_classic,Prestigious_Awards,Epic,Hollywood_Tone,All_star_cast,based_on_book,Serious,Fantastic,Orchestral,Violent_Content,
The Lord of the Rings: The Fellowship of the Ring,8.8,Adventure Fantasy ,93000000,0.866125,Stylized,Exciting,Captivating,Atmospheric,Suspenseful,good_versus_evil,master_villain,save_the_world,friendship,heroic_mission,imaginary_kingdom,Danger,Escapades,Heroes,Imaginary,Rivalry,master_warrior,supernatural_ability,curses_spells_and_rituals,Chases_and_races,Supernatural,Friends,ADVENTURE,FANTASY,ACTION,award_winner,blockbuster,critically_acclaimed,Modern_classic,Prestigious_Awards,oscar_winner,Ensemble_cast,Epic,Voice_over,Hollywood_Tone,All_star_cast,based_on_book,Serious,Fantastic,Orchestral,Special_effects,Violent_Content,
Inception,8.8,Action Sci-Fi Thriller ,160000000,0.005731,Stylized,Mind_Bending,Clever,Suspenseful,Exciting,Captivating,Tense,psychological,manipulations,on_the_run,race_against_time,Chases_and_races,Dishonesty,Mind_and_soul,redemption,cons_and_scams,haunted_by_the_past,parallel_world,Crimes,Danger,Escapades,MYSTERY,SCI-FI,THRILLER,award_winner,blockbuster,critically_acclaimed,oscar_winner,Prestigious_Awards,surreal,Hollywood_Tone,Futuristic,Postmodernism,Serious,Fantastic,Orchestral,Special_effects,Violent_Content,
The Lord of the Rings: The Two Towers,8.8,Adventure Fantasy ,94000000,1.00429,Stylized,Exciting,Captivating,Atmospheric,Suspenseful,good_versus_evil,master_villain,leadership,race_against_time,save_the_world,friendship,heroic_mission,imaginary_kingdom,Danger,Escapades,Heroes,Imaginary,Rivalry,master_warrior,supernatural_ability,curses_spells_and_rituals,Chases_and_races,Supernatural,Friends,ADVENTURE,FANTASY,ACTION,award_winner,blockbuster,critically_acclaimed,Modern_classic,Prestigious_Awards,oscar_winner,Epic,Hollywood_Tone,All_star_cast,based_on_book,Serious,Fantastic,Orchestral,Mild_Violent_Content,
City of God,8.7,Crime Drama ,3300000,0.260566,Bleak,Rough,Captivating,Disturbing,Stylized,gang,juvenile_delinquency,drug_dealing,journalism,innocence_lost,social_decay,urban_ghetto_life,criminal_heroes,coming_of_age,Crimes,Dishonesty,Law_enforcement,Media,Mind_and_soul,Society,Youth,Life_is_a_bitch,Police_Corruption,CRIME,foreign,DRAMA,PERIOD,20th_century,60s,70s,Brazil,Rio_de_janeiro,Latin_America,Urban_Ghetto,award_winner,critically_acclaimed,Essential,Prestigious_Awards,Epic,based_on_book,Serious,Realistic,Rock,Latin,Drugs/Alcohol,Profanity,Sexual_Content,Strong_Violent_Content,
The Pianist,8.5,Biography Drama War ,35000000,-0.488145,Bleak,Emotional,Gloomy,Captivating,Contemplative,anti_heroes,survival,innocence_lost,holocaust,Against_humanity,Confined,Danger,Escapades,Mind_and_soul,Misfit,anti_semitism,DRAMA,PERIOD,WAR,independent,MUSIC,biography,20th_century,30s,40s,World_War_2,Europe,Battle_Zone,Ghetto,award_winner,critically_acclaimed,oscar_winner,Modern_classic,Cannes_festival_winner,Prestigious_Awards,Epic,based_on_true_story,Serious,Realistic,Slow,classical,Profanity,Violent_Content,
Memento,8.5,Mystery Thriller ,9000000,0.561075,Bleak,Clever,Offbeat,Captivating,Mind_Bending,Tense,Atmospheric,Rough,Stylized,Suspenseful,manipulations,uncover_truth,haunted_by_the_past,memory_loss,mistaken_identity,murder,psychological,Crimes,Deadly,Dishonesty,Mind_and_soul,Disorder,Life_is_a_bitch,amateur_detective,obsessive_quest,vengeance,Rivalry,MYSTERY,THRILLER,independent,CRIME,20th_century,90s,USA,award_winner,critically_acclaimed,Essential,Original,Modern_classic,Prestigious_Awards,Sundance_festival_winner,controversial,cult,Neo_noir,Nonlinear,Twists_and_turns,Voice_over,Postmodernism,based_on_short_story,Serious,Realistic,Partly_B&W,Drugs/Alcohol,Profanity,Violent_Content,
Gladiator,8.5,Action Drama ,103000000,0.002311,Rough,Exciting,Captivating,Emotional,Stylized,Suspenseful,master_warrior,tragic_hero,vengeance,Heroes,Rivalry,Unfulfillment,Corrupt_Ruler,soldier,intrigue,obsessive_quest,royal_family,Dishonesty,State_affairs,Life_is_a_bitch,ADVENTURE,PERIOD,ACTION,DRAMA,Ancient_history,Roman_empire,award_winner,blockbuster,critically_acclaimed,oscar_winner,Modern_classic,Prestigious_Awards,Epic,Hollywood_Tone,Serious,Realistic,Orchestral,Special_effects,Strong_Violent_Content,
The Departed,8.5,Crime Drama Thriller ,90000000,-0.190985,Bleak,Clever,Rough,Suspenseful,Captivating,Tense,gangsters,mind_game,rise_and_fall,working_undercover,Police_Detective,criminal_heroes,Ambition,Crimes,Law_enforcement,Mind_and_soul,Rivalry,Undercover,Power_relations,tough_law_enforcer,teaching_the_ways_of_the_world,Unfulfillment,CRIME,THRILLER,contemporary,21st_century,Boston,USA,Urban,award_winner,blockbuster,critically_acclaimed,oscar_winner,Prestigious_Awards,All_star_cast,Neo_noir,Hollywood_Tone,remake,Serious,Realistic,Rock,Drugs/Alcohol,Profanity,Sexual_Content,Strong_Violent_Content,
The Prestige,8.5,Drama Mystery Thriller ,40000000,-0.270014,Atmospheric,Stylized,Suspenseful,Captivating,Tense,Mind_Bending,psychological,performer's_life,uninhibited_rivalry,obsession,Wizards_and_Magicians,Mind_and_soul,Rivalry,Artists_and_showbiz,Supernatural,Crimes,Deadly,Imaginary,Way_of_Life,PERIOD,THRILLER,DRAMA,MYSTERY,19th_century,Victorian,20th_century,England,Europe,London,award_winner,critically_acclaimed,Modern_classic,Twists_and_turns,Hollywood_Tone,based_on_book,Serious,Semi_fantastic,Mild_Violent_Content,
The Lives of Others,8.5,Drama Thriller ,2000000,2.103681,Gloomy,Tense,Bleak,Captivating,Sincere,Touching,voyeurism,Dishonesty,Mind_and_soul,Society,State_affairs,Unfulfillment,Life_is_a_bitch,government_agency,introspection,moral_dilemma,couple_relations,unfulfilled_love,conspiracies,political_conspiracy,Injustice,Fascism,politics,Undercover,Couples,DRAMA,foreign,PERIOD,THRILLER,20th_century,80s,90s,Europe,Germany,award_winner,critically_acclaimed,oscar_winner,Prestigious_Awards,Serious,Realistic,Slow,Nudity,Profanity,Sexual_Content,
Toy Story 3,8.4,Animation Adventure Comedy ,200000000,0.141263,Feel_Good,Humorous,Touching,Witty,buddies,daring_rescue,getting_home,friendship,Danger,Escapades,Heroes,Hopes,Imaginary,Friends,odd_couple,coming_of_age,Partners,ADVENTURE,ANIMATION,FAMILY,COMEDY,FANTASY,award_winner,blockbuster,critically_acclaimed,oscar_winner,Golden_globe_winner,Prestigious_Awards,Hollywood_Tone,All_star_cast,Semi_Serious,Fantastic,Computer_animated,3D,
Requiem for a Dream,8.4,Drama ,4500000,-0.558866,Atmospheric,Bleak,Captivating,Tense,Disturbing,psychological,downfall,destructive_relationship,parents_and_children,addiction,drug_abuse,Life_is_a_bitch,Mind_and_soul,Couples,Family_relations,DRAMA,PERIOD,20th_century,90s,New_York,Urban,USA,award_winner,critically_acclaimed,Modern_classic,surreal,Serious,Realistic,Drugs/Alcohol,Violent_Content,
Eternal Sunshine of the Spotless Mind,8.4,Drama Romance Sci-Fi ,20000000,-0.061531,Clever,Gloomy,Offbeat,Mind_Bending,Bittersweet,Contemplative,Humorous,Stylized,Captivating,Sentimental,couple_relations,experiment_gone_awry,memory_loss,psychological,Love_and_romance,Mind_and_soul,Unfulfillment,Couples,Disorder,introspection,love_triangle,unfulfilled_love,DRAMA,independent,ROMANCE,SCI-FI,contemporary,21st_century,New_York,USA,award_winner,critically_acclaimed,Essential,oscar_winner,Prestigious_Awards,Original,Dark_Humor,Nonlinear,surreal,Postmodernism,All_star_cast,Semi_Serious,Semi_fantastic,Drugs/Alcohol,Profanity,Sexual_Content,
Batman Begins,8.3,Action Adventure ,150000000,-0.241541,Gloomy,Rough,Exciting,Atmospheric,Bleak,Stylized,Suspenseful,master_villain,secret_identity,superhero,fighting_crime,unfulfilled_love,good_versus_evil,Escapades,Heroes,Rivalry,haunted_by_the_past,Crimes,Love_and_romance,Society,Undercover,Unfulfillment,ACTION,CRIME,contemporary,21st_century,USA,Urban,award_winner,blockbuster,critically_acclaimed,All_star_cast,Epic,Hollywood_Tone,based_on_comics,Serious,Semi_fantastic,Special_effects,Violent_Content,
Inglourious Basterds,8.3,Adventure Drama War ,75000000,-0.116035,Atmospheric,Rough,Captivating,Tense,Stylized,Suspenseful,Witty,Exciting,Cynical,uninhibited_rivalry,vengeance,heroic_mission,Danger,Deadly,Rivalry,soldier,working_undercover,Tough_Heroes,Heroes,Military,Undercover,WAR,PERIOD,20th_century,40s,World_War_2,Europe,France,Paris,award_winner,blockbuster,critically_acclaimed,oscar_winner,Cannes_festival_winner,Prestigious_Awards,controversial,Golden_globe_winner,Ensemble_cast,Episodic,gory,Talky,Epic,Voice_over,Postmodernism,Strong_Female_Presence,Dark_Humor,Irreverent_humor,based_on_film,Semi_Serious,Realistic,Slow,Orchestral,Profanity,Strong_Violent_Content,
Up,8.3,Animation Adventure Drama ,175000000,-0.07913,Humorous,Sexual,Offbeat,hidden_identity,dangerous_attraction,sexual_relations,murder,Crimes,Deadly,Couples,small_town_life,working_undercover,Danger,Disorder,COMEDY,PARODY,20th_century,70s,Los_Angeles,Small_town,USA,Nightclub,Grossout_humor,Irreverent_humor,surreal,Not_Serious,Realistic,
Incendies,8.2,Drama Mystery War ,6800000,-0.445382,Emotional,Captivating,Disturbing,Sincere,Rough,twins,obsessive_quest,self_discovery,siblings_relations,Mind_and_soul,Family_relations,dealing_with_death,uncover_truth,parents_and_children,death_in_the_family,haunted_by_the_past,wartime_life,life_turned_upside_down,psychological,Escapades,Family_problems,Life_is_a_bitch,DRAMA,foreign,PERIOD,contemporary,70s,20th_century,21st_century,Middle_East,Lebanon,critically_acclaimed,Prestigious_Awards,Episodic,Twists_and_turns,Strong_Female_Presence,based_on_play,Serious,Realistic,Violent_Content,
Gran Torino,8.2,Drama ,33000000,1.468255,Sincere,Contemplative,Sentimental,Emotional,Rough,Suspenseful,Captivating,Thought_Provoking,friendship,interracial_relations,Elderly,Mind_and_soul,Society,Friends,anti_heroes,gang,golden_years,immigrants,introspection,redemption,haunted_by_the_past,Estrangement,Tough_Heroes,Crimes,Heroes,Misfit,Rivalry,DRAMA,CRIME,contemporary,21st_century,Detroit,USA,Urban,blockbuster,critically_acclaimed,Serious,Realistic,Slow,Profanity,Violent_Content,
How to Train Your Dragon,8.2,Animation Adventure Family ,165000000,-0.274729,Exciting,Atmospheric,Feel_Good,Humorous,Sentimental,imaginary_kingdom,coming_of_age,Escapades,Imaginary,Youth,friendship,parents_and_children,legends_and_myths,Danger,Heroes,Misfit,Family_relations,Friends,ANIMATION,FANTASY,FAMILY,ADVENTURE,COMEDY,award_winner,blockbuster,critically_acclaimed,Hollywood_Tone,based_on_book,Semi_Serious,Fantastic,Computer_animated,3D,
Into the Wild,8.2,Adventure Biography Drama ,15000000,-0.327077,Captivating,Atmospheric,Gloomy,Contemplative,Sincere,obsessive_quest,Escapades,Way_of_Life,Mind_and_soul,adventurer,survival,introspection,self_discovery,friendship,parents_and_children,isolation,psychological,Hopes,Rebellion,Family_relations,Friends,DRAMA,independent,biography,ADVENTURE,20th_century,90s,USA,cross_country,Wilderness,Alaska,award_winner,critically_acclaimed,Golden_globe_winner,Prestigious_Awards,Episodic,On_the_Road,based_on_book,based_on_true_story,Serious,Realistic,Slow,Rock,Alternative,Nudity,Profanity,
Hotel Rwanda,8.2,Drama History War ,17500000,-0.26228,Disturbing,Emotional,Contemplative,Sincere,Rough,Captivating,Thought_Provoking,Uplifting,genocide,Righting_the_Wronged,Against_humanity,Hopes,Society,Life_is_a_bitch,human_spirit,racism,DRAMA,independent,HISTORICAL,biography,PERIOD,20th_century,90s,Africa,Hotel,Rwanda,award_winner,critically_acclaimed,based_on_true_story,Serious,Realistic,Slow,Violent_Content,
A Beautiful Mind,8.2,Biography Drama ,60000000,0.564832,Gloomy,Captivating,Sincere,Touching,Atmospheric,Emotional,prodigy,mental_illness,Inventions_and_Discoveries,Mind_and_soul,Misfit,mentally_unstable,obsession,couple_relations,psychological,Love_and_romance,Couples,DRAMA,biography,PERIOD,20th_century,50s,60s,70s,Boston,USA,University,campus,award_winner,blockbuster,critically_acclaimed,oscar_winner,Prestigious_Awards,Hollywood_Tone,based_on_book,based_on_true_story,Serious,Realistic,Mild_Violent_Content,
Tae Guk Gi: The Brotherhood of War,8.2,Action Drama War ,12800000,-0.952259,Emotional,Rough,Captivating,Bleak,Suspenseful,soldier,siblings_relations,military_life,Battles,Military,Family_relations,survival,Heroes,DRAMA,WAR,foreign,ACTION,PERIOD,HISTORICAL,20th_century,40s,50s,Asia,Korea,Battle_Zone,award_winner,critically_acclaimed,Epic,gory,based_on_true_story,Serious,Realistic,Strong_Violent_Content,
Finding Nemo,8.2,Animation Adventure Comedy ,94000000,-0.759381,Feel_Good,Humorous,Witty,Sentimental,Touching,odd_couple,rescue,friendship,heroic_mission,missing_child,Danger,Partners,Friends,parents_and_children,Heroes,Family_problems,ADVENTURE,ANIMATION,COMEDY,FAMILY,contemporary,21st_century,Ocean_or_Sea,award_winner,blockbuster,critically_acclaimed,oscar_winner,Modern_classic,Prestigious_Awards,On_the_Road,Hollywood_Tone,All_star_cast,Semi_Serious,Fantastic,Computer_animated,
No Country for Old Men,8.2,Crime Drama Thriller ,25000000,0.634017,Bleak,Rough,Stylized,Suspenseful,Captivating,Tense,Atmospheric,Gloomy,Contemplative,track_down,uninhibited_rivalry,violence_spree,human_nature,psychopath,Hitman,Chases_and_races,Crimes,Deadly,Law_enforcement,Mind_and_soul,Misfit,Police_Investigation,CRIME,THRILLER,PERIOD,20th_century,80s,Mexico,Latin_America,Texas,USA,award_winner,critically_acclaimed,Essential,oscar_winner,Prestigious_Awards,Ensemble_cast,Neo_noir,Twists_and_turns,Voice_over,gory,based_on_book,Serious,Realistic,Slow,Profanity,Strong_Violent_Content,
Sin City,8.1,Crime Thriller ,40000000,0.018928,Atmospheric,Gloomy,Rough,Stylized,Bleak,Suspenseful,vengeance,violence_spree,dystopia,social_decay,Tough_Heroes,criminal_heroes,good_versus_evil,Crimes,Deadly,Escapades,Heroes,Misfit,Rivalry,Society,Life_is_a_bitch,anti_heroes,ACTION,CRIME,independent,THRILLER,contemporary,21st_century,Urban,award_winner,critically_acclaimed,All_star_cast,Ensemble_cast,Episodic,Multiple_stories,Neo_noir,Twists_and_turns,Voice_over,gory,surreal,Hollywood_Tone,Strong_Female_Presence,based_on_comics,Serious,Semi_fantastic,Fast,Partly_B&W,Nudity,Profanity,Sexual_Content,Strong_Violent_Content,
Amores Perros,8.1,Drama Thriller ,2000000,0.480554,Bleak,Rough,Suspenseful,Captivating,Tense,Atmospheric,forbidden_love,siblings_relations,urban_ghetto_life,Danger,Mind_and_soul,Society,Family_relations,Life_is_a_bitch,pets,human_nature,redemption,Estrangement,Hitman,Crimes,Hopes,Love_and_romance,DRAMA,foreign,contemporary,21st_century,Mexico,Latin_America,Urban_Ghetto,award_winner,critically_acclaimed,Ensemble_cast,Episodic,Multiple_stories,Nonlinear,Serious,Realistic,Sexual_Content,Violent_Content,
Donnie Darko,8.1,Drama Mystery Sci-Fi ,4500000,-0.911037,Atmospheric,Offbeat,Captivating,Tense,Clever,Gloomy,Stylized,Mind_Bending,Biting,social_misfits,teenage_love,high_school_life,suburban_life,teenage_life,psychological,Way_of_Life,Mind_and_soul,Misfit,Society,Youth,doctors_and_patients,parents_and_children,siblings_relations,Imaginary,Love_and_romance,Family_relations,Power_relations,Supernatural,DRAMA,independent,FANTASY,PERIOD,20th_century,80s,USA,Virginia,Suburbs,award_winner,critically_acclaimed,cult,Essential,Satire,surreal,Postmodernism,Serious,Semi_fantastic,Pop,Rock,Alternative,Profanity,Violent_Content,
There Will Be Blood,8.1,Drama ,25000000,-0.115184,Bleak,Captivating,Tense,Atmospheric,Gloomy,Disturbing,clergy,lone_wolves,blind_ambition,manipulations,rise_to_the_top,obsession,Estrangement,americana,Ambition,Dishonesty,Mind_and_soul,Society,treasure_hunt,parents_and_children,Rivalry,Family_relations,Life_is_a_bitch,DRAMA,PERIOD,1900s,20th_century,1910s,California,USA,Small_town,award_winner,critically_acclaimed,oscar_winner,Golden_globe_winner,Prestigious_Awards,Epic,Twists_and_turns,based_on_book,Serious,Realistic,Slow,Violent_Content,
Million Dollar Baby,8.1,Drama Sport ,30000000,0.841084,Bleak,Emotional,Gloomy,Rough,Captivating,Contemplative,athlete's_life,underdog,contests_and_competitions,follow_your_dream,feminism,athlete_and_trainer,Ambition,Hopes,Power_relations,Gender,human_spirit,friendship,Way_of_Life,Life_is_a_bitch,Friends,DRAMA,SPORT,contemporary,21st_century,Los_Angeles,USA,award_winner,blockbuster,critically_acclaimed,oscar_winner,Modern_classic,Prestigious_Awards,Voice_over,Strong_Female_Presence,Melodrama,based_on_short_story,Serious,Realistic,Violent_Content,
The Bourne Ultimatum,8.1,Action Crime Thriller ,110000000,0.137355,Rough,Suspenseful,Exciting,Stylized,fighting_the_system,espionage,manhunt,on_the_run,uncover_truth,memory_loss,Tough_Heroes,Chases_and_races,Life_is_a_bitch,Danger,Dishonesty,Escapades,Mind_and_soul,Rebellion,Rivalry,State_affairs,Undercover,government_agency,master_villain,secret_agents,vengeance,haunted_by_the_past,Heroes,ACTION,THRILLER,contemporary,21st_century,award_winner,blockbuster,critically_acclaimed,oscar_winner,Prestigious_Awards,Twists_and_turns,Hollywood_Tone,based_on_book,Serious,Realistic,Fast,Violent_Content,
Shutter Island,8.1,Mystery Thriller ,80000000,-0.119911,Suspenseful,Mind_Bending,Atmospheric,Bleak,Stylized,Tense,psychological,losing-it_hero,investigation,uncover_truth,haunted_by_the_past,isolation,missing_person,Confined,Dishonesty,Law_enforcement,Mind_and_soul,Partners,doctors_and_patients,conspiracies,Chases_and_races,Life_is_a_bitch,Crimes,Power_relations,Disorder,MYSTERY,THRILLER,PERIOD,20th_century,50s,Island,Mental_Institution,award_winner,blockbuster,Twists_and_turns,based_on_book,Serious,Realistic,Nudity,Violent_Content,
The King's Speech,8.1,Biography Drama History ,15000000,4.089163,Sincere,Captivating,Sentimental,Witty,Uplifting,head_of_state,doctors_and_patients,royal_family,Disability,Mind_and_soul,State_affairs,Power_relations,leadership,friendship,politics,against_the_odds,Friends,DRAMA,PERIOD,HISTORICAL,20th_century,30s,40s,World_War_2,England,Europe,award_winner,blockbuster,critically_acclaimed,oscar_winner,Golden_globe_winner,Prestigious_Awards,Dry_Humor,Talky,All_star_cast,based_on_true_story,Serious,Realistic,Slow,Profanity,
Pirates of the Caribbean: The Curse of the Black Pearl,8.1,Action Adventure Fantasy ,140000000,0.19984,Exciting,Humorous,ghost,master_villain,pirate,rescue,curses_spells_and_rituals,kidnapping,Confined,Crimes,Danger,Escapades,Rivalry,Supernatural,ADVENTURE,FANTASY,PERIOD,ACTION,18th_century,Ship,Ocean_or_Sea,Caribbean,award_winner,blockbuster,critically_acclaimed,Hollywood_Tone,Semi_Serious,Fantastic,Fast,Special_effects,Mild_Violent_Content,
Monsters Inc.,8.1,Animation Adventure Comedy ,115000000,0.386514,Feel_Good,Humorous,Stylized,buddies,odd_couple,unlikely_partners,friendship,good_versus_evil,fish_out_of_water,Danger,Escapades,Imaginary,Misfit,Partners,Rivalry,Disorder,Friends,daring_rescue,ANIMATION,COMEDY,FANTASY,FAMILY,ADVENTURE,award_winner,blockbuster,critically_acclaimed,oscar_winner,Prestigious_Awards,Silly_Humor,All_star_cast,Semi_Serious,Fantastic,Computer_animated,
Before Sunset,8.1,Drama Romance ,10000000,-0.681395,Contemplative,Sincere,Clever,Witty,Bittersweet,Sentimental,lovers_reunited,Love_and_romance,Mind_and_soul,Unfulfillment,introspection,couple_relations,unfulfilled_love,reunion,road_not_taken,thirtysomething_life,Hopes,Way_of_Life,Couples,DRAMA,ROMANCE,independent,contemporary,21st_century,France,Paris,Urban,award_winner,critically_acclaimed,Talky,Semi_Serious,Realistic,Profanity,Sexual_Content,
Slumdog Millionaire,8.0,Drama Romance ,15000000,4.181704,Feel_Good,Captivating,Uplifting,Touching,Clever,Emotional,Rough,Stylized,Exciting,Sentimental,orphan,underdog,contests_and_competitions,siblings_relations,true_love,destiny,tv_show,coming_of_age,against_the_odds,Hopes,Society,Youth,young_heroes,obsessive_quest,human_spirit,unfulfilled_love,down_on_your_luck,false_accusation,urban_ghetto_life,Ambition,Crimes,Dishonesty,Escapades,Love_and_romance,Media,Family_relations,Life_is_a_bitch,DRAMA,independent,contemporary,90s,20th_century,21st_century,Asia,India,Urban_Ghetto,award_winner,blockbuster,critically_acclaimed,oscar_winner,Golden_globe_winner,Prestigious_Awards,Epic,based_on_book,Serious,Realistic,Indian,Violent_Content,
Blood Diamond,8.0,Adventure Drama Thriller ,100000000,-0.684781,Suspenseful,Bleak,Captivating,Thought_Provoking,political_unrest,Danger,Escapades,unlikely_partners,journalism,obsessive_quest,rescue,treasure_hunt,Against_humanity,Media,Partners,Society,State_affairs,ADVENTURE,DRAMA,THRILLER,20th_century,90s,Africa,award_winner,Serious,Realistic,Profanity,Violent_Content,
Big Fish,8.0,Adventure Drama Fantasy ,70000000,-0.479409,Feel_Good,Stylized,Sentimental,Touching,Offbeat,parents_and_children,true_love,Escapades,Hopes,Love_and_romance,Couples,Family_relations,adventurer,human_spirit,couple_relations,legends_and_myths,small_town_life,fall_in_love,Mind_and_soul,Social_relations,DRAMA,ADVENTURE,FANTASY,PERIOD,ROMANCE,20th_century,30s,40s,50s,60s,70s,80s,USA,award_winner,critically_acclaimed,All_star_cast,Fairytale,On_the_Road,Voice_over,surreal,Talky,based_on_book,Semi_Serious,Semi_fantastic,Brief_Nudity,Mild_Violent_Content,
Star Trek,8.0,Action Adventure Sci-Fi ,140000000,0.012409,Stylized,Exciting,Atmospheric,Offbeat,Suspenseful,alien_encounter,space_travel,Escapades,Imaginary,Space_and_aliens,benign_alien,heroic_mission,space_wars,time_travel,Danger,Heroes,Rivalry,ADVENTURE,SCI-FI,FANTASY,Future,Outer_space,Spacecraft,award_winner,Classic,critically_acclaimed,cult,Essential,Hit_TV_Series,Futuristic,Serious,Fantastic,
Persepolis,8.0,Animation Biography Drama ,7300000,-0.665223,Clever,Gloomy,Captivating,Sincere,Touching,Offbeat,Thought_Provoking,Tense,Contemplative,political_unrest,revolution,coming_of_age,Mind_and_soul,Society,Youth,Life_is_a_bitch,young_heroes,idealism,rebelliousness,self_discovery,Injustice,family_life,Hopes,Rebellion,State_affairs,Family_relations,ANIMATION,DRAMA,foreign,biography,PERIOD,20th_century,70s,80s,90s,Iran,Middle_East,award_winner,critically_acclaimed,Prestigious_Awards,Voice_over,surreal,Strong_Female_Presence,based_on_comics,based_on_book,based_on_true_story,Serious,Realistic,B&W,Drugs/Alcohol,Mild_Violent_Content,Profanity,
Black Swan,8.0,Drama Mystery Thriller ,13000000,3.524906,Stylized,Mind_Bending,Atmospheric,Bleak,Sexual,Captivating,Tense,Dancer's_Life,losing-it_hero,performer's_life,obsession,showbiz,psychological,Ambition,Mind_and_soul,Artists_and_showbiz,mentally_unstable,parents_and_children,teachers_and_students,Way_of_Life,Rivalry,Family_relations,Power_relations,DRAMA,independent,contemporary,21st_century,New_York,USA,award_winner,blockbuster,critically_acclaimed,oscar_winner,Golden_globe_winner,Prestigious_Awards,Venice_festival_winner,surreal,Serious,Realistic,Slow,Drugs/Alcohol,Strong_Sexual_Content,Profanity,Violent_Content,
Ratatouille,8.0,Animation Comedy Family ,150000000,-0.243033,Feel_Good,Humorous,Exciting,anti_heroes,odd_couple,unlikely_partners,follow_your_dream,rise_to_the_top,friendship,cooking_and_food,fish_out_of_water,Hopes,Partners,Disorder,Workplace,Friends,workplace_situations,animal_life,Ambition,Escapades,Misfit,ANIMATION,FAMILY,COMEDY,contemporary,21st_century,Europe,France,restaurant,Paris,award_winner,blockbuster,critically_acclaimed,oscar_winner,Golden_globe_winner,Prestigious_Awards,Voice_over,Semi_Serious,Fantastic,Computer_animated,
Dancer in the Dark,8.0,Crime Drama Musical ,12800000,-0.820217,Emotional,Gloomy,Disturbing,Bleak,Offbeat,Stylized,Contemplative,tragic_hero,human_spirit,down_on_your_luck,Life_is_a_bitch,human_nature,friendship,destiny,murder,working_class,Friends,Mind_and_soul,Society,Unfulfillment,DRAMA,MUSICAL,20th_century,90s,USA,Washington,Small_town,award_winner,Cannes_festival_winner,Prestigious_Awards,surreal,Melodrama,Strong_Female_Presence,Serious,Realistic,Slow,electronica,Orchestral,Alternative,Mild_Violent_Content,
Cinderella Man,8.0,Biography Drama Sport ,88000000,-0.614723,Emotional,Uplifting,Sentimental,Touching,Sincere,athlete's_life,supportive_spouse,underdog,contests_and_competitions,downfall,follow_your_dream,rise_to_the_top,human_spirit,Ambition,Hopes,Way_of_Life,Rivalry,Power_relations,Life_is_a_bitch,athlete_and_trainer,Society,DRAMA,SPORT,biography,PERIOD,20s,30s,20th_century,New_Jersey,USA,Urban_Ghetto,Urban,award_winner,critically_acclaimed,Serious,Realistic,Violent_Content,
District 9,8.0,Action Sci-Fi Thriller ,30000000,1.117542,Bleak,Offbeat,Rough,Stylized,Exciting,Thought_Provoking,Tense,Biting,human_nature,alien_encounter,chaos_and_mayhem,dystopia,isolation,Chases_and_races,Life_is_a_bitch,Space_and_aliens,Confined,Misfit,Society,manhunt,on_the_run,discrimination,racism,social_decay,life_turned_upside_down,Injustice,Mind_and_soul,Chaos,SCI-FI,ACTION,contemporary,21st_century,Africa,South_Africa,Urban_Ghetto,Urban,award_winner,blockbuster,critically_acclaimed,Original,gory,Fake_documentary,Twists_and_turns,Based_on_Short_Film,Serious,Fantastic,Fast,Special_effects,Profanity,Strong_Violent_Content,
Catch Me If You Can,8.0,Biography Crime Drama ,52000000,0.739219,Clever,Exciting,Captivating,Sentimental,Feel_Good,Humorous,Stylized,special_agents,unlikely_criminals,forgery,manhunt,Ambition,Dishonesty,Law_enforcement,Chases_and_races,master_criminal,prodigy,obsessive_quest,rise_and_fall,track_down,cons_and_scams,criminal_heroes,Crimes,Unfulfillment,DRAMA,biography,ADVENTURE,CRIME,PERIOD,20th_century,60s,70s,USA,award_winner,blockbuster,critically_acclaimed,Voice_over,Hollywood_Tone,based_on_true_story,Semi_Serious,Realistic,
Serenity,8.0,Action Adventure Sci-Fi ,40000000,-0.651631,Witty,Exciting,Clever,Suspenseful,good_versus_evil,fugitives,on_the_run,rebelliousness,future_dystopia,space_travel,space_wars,Chases_and_races,Space_and_aliens,Danger,Escapades,Rebellion,supernatural_ability,chase,friendship,Supernatural,Friends,Rivalry,Society,ACTION,ADVENTURE,SCI-FI,Future,Outer_space,Spacecraft,award_winner,critically_acclaimed,cult,Futuristic,based_on_TV_series,Semi_Serious,Fantastic,Fast,Mild_Violent_Content,
Moon,8.0,Drama Sci-Fi ,5000000,-0.448936,Atmospheric,Bleak,Contemplative,Stylized,Thought_Provoking,Mind_Bending,Tense,isolation,psychological,Confined,Hopes,Mind_and_soul,Space_and_aliens,androids_and_robots,Imaginary,SCI-FI,independent,DRAMA,MYSTERY,21st_century,Future,Outer_space,space_station,Moon,award_winner,critically_acclaimed,Prestigious_Awards,Twists_and_turns,Futuristic,surreal,Serious,Semi_fantastic,Slow,
Mystic River,8.0,Crime Drama Mystery ,30000000,0.652479,Bleak,Emotional,Gloomy,Captivating,Tense,Disturbing,Atmospheric,Rough,Contemplative,dealing_with_death,death_in_the_family,haunted_by_the_past,murder,Police_Detective,Police_Investigation,psychological,Crimes,Deadly,Law_enforcement,Mind_and_soul,Rivalry,Family_problems,Life_is_a_bitch,investigation,vengeance,vigilantism,DRAMA,MYSTERY,contemporary,70s,20th_century,21st_century,Boston,USA,Urban,award_winner,critically_acclaimed,oscar_winner,Modern_classic,Prestigious_Awards,Neo_noir,based_on_book,Serious,Realistic,Slow,Mild_Violent_Content,
The Incredibles,8.0,Animation Action Adventure ,92000000,0.562963,Witty,Exciting,Feel_Good,Humorous,Stylized,Touching,secret_identity,superhero,superhuman_powers,rescue,save_the_day,parents_and_children,Eccentric_Family,good_versus_evil,Danger,Escapades,Heroes,Imaginary,Mind_and_soul,Rivalry,Undercover,Family_relations,midlife_crisis,family_life,Youth,ADVENTURE,ANIMATION,COMEDY,FANTASY,FAMILY,USA,Suburbs,award_winner,blockbuster,critically_acclaimed,oscar_winner,Prestigious_Awards,Hollywood_Tone,Semi_Serious,Fantastic,Fast,Computer_animated,Mild_Violent_Content,
In Bruges,8.0,Comedy Crime Drama ,15000000,-0.715572,Atmospheric,Humorous,Contemplative,Cynical,introspection,haunted_by_the_past,Hitman,criminal_heroes,Deadly,Mind_and_soul,Partners,odd_couple,redemption,friendship,Crimes,Friends,COMEDY,CRIME,contemporary,21st_century,Belgium,Europe,Bruges,award_winner,critically_acclaimed,Golden_globe_winner,Prestigious_Awards,Dark_Humor,Farce,Voice_over,Talky,Semi_Serious,Realistic,Slow,Drugs/Alcohol,Profanity,Strong_Violent_Content,
Mulholland Dr.,8.0,Drama Mystery Thriller ,15000000,-0.735282,Atmospheric,Stylized,Captivating,Mind_Bending,Suspenseful,Tense,psychological,mysterious_character,manipulations,uncover_truth,obsession,memory_loss,showbiz,woman_in_danger,Artists_and_showbiz,Life_is_a_bitch,Dishonesty,Mind_and_soul,Partners,unlikely_partners,dangerous_attraction,filmmaking,DRAMA,MYSTERY,independent,THRILLER,contemporary,21st_century,Hollywood,Los_Angeles,USA,award_winner,critically_acclaimed,Cannes_festival_winner,Prestigious_Awards,Twists_and_turns,Postmodernism,Serious,Realistic,Strong_Sexual_Content,Violent_Content,
The Notebook,8.0,Drama Romance ,29000000,-0.999374,Emotional,Bittersweet,Sentimental,Touching,young_lovers,love_affair,love_triangle,social_differences,true_love,lovers_reunited,fall_in_love,Love_and_romance,memory_loss,Elderly,Mind_and_soul,Youth,Couples,DRAMA,ROMANCE,PERIOD,20th_century,40s,90s,South_Carolina,USA,award_winner,Hollywood_Tone,Melodrama,Strong_Female_Presence,based_on_book,Serious,Realistic,Sexual_Content,
Casino Royale,8.0,Action Adventure Thriller ,150000000,-0.386031,Exciting,Rough,Stylized,Suspenseful,Sexy,master_villain,secret_agents,espionage,obsessive_quest,race_against_time,heroic_mission,Chases_and_races,Danger,Dishonesty,Escapades,Heroes,Partners,Rivalry,Undercover,fall_in_love,reluctant_partners,Love_and_romance,ACTION,THRILLER,contemporary,21st_century,Europe,award_winner,blockbuster,critically_acclaimed,Essential,Modern_classic,Twists_and_turns,Hollywood_Tone,based_on_book,Serious,Realistic,Fast,Special_effects,Violent_Content,
Letters from Iwo Jima,8.0,Drama History War ,19000000,-0.60186,Bleak,Suspenseful,Captivating,Contemplative,Sincere,Disturbing,survival,anti_war,chaos_and_mayhem,heroic_mission,military_life,Battles,Danger,Heroes,Military,Chaos,soldier,leadership,DRAMA,WAR,HISTORICAL,20th_century,40s,World_War_2,Asia,Battle_Zone,Jungle,Japan,award_winner,critically_acclaimed,oscar_winner,Prestigious_Awards,Ensemble_cast,gory,Serious,Realistic,Strong_Violent_Content,
My Name Is Khan,8.0,Drama Romance Thriller ,12000000,-0.81581,Touching,Uplifting,Bittersweet,obsessive_quest,redemption,true_love,false_accusation,Hopes,Love_and_romance,Mind_and_soul,protagonist_as_suspect,terrorism,human_spirit,mental_illness,racism,optimism,fall_in_love,Danger,Escapades,Misfit,Society,DRAMA,MUSICAL,Bollywood,ROMANCE,contemporary,San_Francisco,USA,award_winner,On_the_Road,based_on_true_story,Serious,Realistic,Indian,
Almost Famous,7.9,Drama Music Romance ,60000000,-0.701878,Contemplative,Sentimental,Feel_Good,Captivating,Bittersweet,coming_of_age,americana,musician's_life,innocence_lost,Artists_and_showbiz,Way_of_Life,Youth,fish_out_of_water,music_band,journalism,parents_and_children,unfulfilled_love,celebrity_culture,Love_and_romance,Media,Mind_and_soul,Unfulfillment,Family_relations,Disorder,DRAMA,MUSIC,20th_century,70s,USA,award_winner,critically_acclaimed,oscar_winner,Prestigious_Awards,On_the_Road,based_on_true_story,Semi_Serious,Realistic,Rock,Brief_Nudity,Drugs/Alcohol,Profanity,
The Wrestler,7.9,Drama Sport ,6000000,1.405022,Bleak,Gloomy,Sincere,Emotional,Contemplative,aging,human_nature,midlife_crisis,Estrangement,psychological,Mind_and_soul,Unfulfillment,Life_is_a_bitch,athlete's_life,introspection,parents_and_children,down_on_your_luck,working_class,Ambition,Hopes,Way_of_Life,Society,Family_relations,DRAMA,independent,SPORT,contemporary,21st_century,New_Jersey,USA,award_winner,critically_acclaimed,Golden_globe_winner,Prestigious_Awards,Venice_festival_winner,Serious,Realistic,Drugs/Alcohol,Nudity,Sexual_Content,Violent_Content,
The Pursuit of Happyness,7.9,Biography Drama ,55000000,0.635665,Emotional,Sentimental,Uplifting,Bittersweet,Sincere,single_parent,human_spirit,parents_and_children,down_on_your_luck,Ambition,Hopes,Family_problems,Life_is_a_bitch,rise_to_the_top,family_in_crisis,against_the_odds,Family_relations,DRAMA,20th_century,80s,San_Francisco,USA,award_winner,blockbuster,Voice_over,based_on_true_story,Serious,Realistic,Profanity,
Avatar,7.9,Action Adventure Fantasy ,237000000,0.764891,Stylized,Exciting,Captivating,benign_alien,soldier,survival,alien_encounter,fighting_the_system,Escapades,betrayal,human_nature,interracial_relations,love_affair,teaching_the_ways_of_the_world,anti_war,culture_clash,Injustice,Battles,fall_in_love,fish_out_of_water,Danger,Hopes,Imaginary,Love_and_romance,Military,Mind_and_soul,Society,Power_relations,Life_is_a_bitch,Space_and_aliens,ADVENTURE,SCI-FI,ACTION,FANTASY,Future,Distant_Planet,Settlement,award_winner,blockbuster,critically_acclaimed,groundbreaking,Golden_globe_winner,Prestigious_Awards,oscar_winner,Epic,Futuristic,Voice_over,Hollywood_Tone,Serious,Fantastic,Animation_&_Live_Action,Computer_animated,Special_effects,3D,Motion_Capture,
Children of Men,7.9,Drama Sci-Fi Thriller ,76000000,-0.744638,Atmospheric,Bleak,Captivating,Rough,anti_heroes,on_the_run,save_the_world,human_nature,redemption,chaos_and_mayhem,future_dystopia,heroic_mission,woman_in_danger,Chases_and_races,Life_is_a_bitch,Danger,Heroes,Hopes,Mind_and_soul,Misfit,Society,Chaos,SCI-FI,DRAMA,THRILLER,21st_century,Future,Europe,London,Urban,award_winner,critically_acclaimed,Futuristic,On_the_Road,Serious,Semi_fantastic,Violent_Content,
The Bourne Identity,7.9,Action Mystery Thriller ,60000000,0.115232,Rough,Suspenseful,Stylized,Exciting,on_the_run,uncover_truth,haunted_by_the_past,memory_loss,Tough_Heroes,Chases_and_races,Life_is_a_bitch,Mind_and_soul,Undercover,government_agency,secret_agents,Danger,Dishonesty,Heroes,ACTION,THRILLER,contemporary,21st_century,Europe,France,Switzerland,Paris,award_winner,blockbuster,critically_acclaimed,Twists_and_turns,Hollywood_Tone,Serious,Realistic,Fast,Violent_Content,
Crash,7.9,Drama ,6500000,3.618333,Gloomy,Tense,Contemplative,Disturbing,Sincere,Bleak,Captivating,Thought_Provoking,Touching,immigrants,human_nature,introspection,interracial_relations,parents_and_children,social_differences,racism,social_decay,Injustice,city_life,Dishonesty,Hopes,Law_enforcement,Mind_and_soul,Society,Unfulfillment,Couples,Family_problems,Family_relations,Life_is_a_bitch,crumbling_marriage,couple_relations,Police_Corruption,life_turned_upside_down,americana,Way_of_Life,Misfit,DRAMA,independent,contemporary,21st_century,Los_Angeles,Urban,USA,award_winner,critically_acclaimed,oscar_winner,Prestigious_Awards,All_star_cast,Ensemble_cast,Multiple_stories,Melodrama,Serious,Realistic,Mild_Violent_Content,Profanity,
Nine Queens,7.9,Crime Drama Thriller ,1500000,-0.552204,Clever,Cynical,Stylized,Suspenseful,Tense,forgery,cons_and_scams,criminal_heroes,Crimes,Dishonesty,Partners,crime_gone_awry,manipulations,mind_game,CRIME,foreign,THRILLER,20th_century,90s,Argentina,Latin_America,Urban,award_winner,critically_acclaimed,Twists_and_turns,Serious,Realistic,Profanity,
Iron Man,7.9,Action Adventure Sci-Fi ,140000000,0.250905,Exciting,Humorous,Stylized,Suspenseful,Witty,androids_and_robots,superhero,Danger,Escapades,Heroes,Rivalry,master_villain,prodigy,secret_identity,betrayal,terrorism,conspiracies,Deadly,Imaginary,Mind_and_soul,Undercover,ACTION,ADVENTURE,SCI-FI,contemporary,21st_century,Los_Angeles,USA,award_winner,blockbuster,critically_acclaimed,Hollywood_Tone,based_on_comics,Semi_Serious,Fantastic,Fast,Special_effects,Mild_Violent_Content,
Shrek,7.9,Animation Adventure Comedy ,60000000,1.453477,Feel_Good,Humorous,Witty,Exciting,Sentimental,Clever,odd_couple,reluctant_partners,daring_rescue,opposites_attract,friendship,social_differences,curses_spells_and_rituals,heroic_mission,Danger,Dishonesty,Escapades,Heroes,Imaginary,Partners,Rivalry,Society,State_affairs,Couples,anti_heroes,intrigue,imaginary_kingdom,royal_family,fall_in_love,Love_and_romance,Friends,ADVENTURE,ANIMATION,COMEDY,FANTASY,FAMILY,PARODY,ROMANCE,award_winner,blockbuster,critically_acclaimed,oscar_winner,Modern_classic,Prestigious_Awards,Verbal_byplay,Fairytale,Hollywood_Tone,All_star_cast,On_the_Road,based_on_book,Not_Serious,Fantastic,Fast,Pop,Computer_animated,
Crouching Tiger Hidden Dragon,7.9,Action Drama Romance ,15000000,3.69582,Atmospheric,Stylized,Exciting,Captivating,Emotional,Gloomy,master_warrior,track_down,vengeance,unfulfilled_love,Chases_and_races,Heroes,Love_and_romance,Rivalry,Unfulfillment,ADVENTURE,PERIOD,foreign,martial_arts,ACTION,ROMANCE,19th_century,Asia,China,Monastery,award_winner,blockbuster,critically_acclaimed,masterpiece,oscar_winner,Modern_classic,Prestigious_Awards,Ensemble_cast,Epic,Strong_Female_Presence,based_on_book,Serious,Fantastic,Fast,Special_effects,Violent_Content,
Walk the Line,7.9,Biography Drama Music ,28000000,1.347703,Touching,Captivating,Bittersweet,Sentimental,musician's_life,rising_to_stardom,couple_relations,fall_in_love,Love_and_romance,Mind_and_soul,Couples,Artists_and_showbiz,performer's_life,rise_and_fall,addiction,Ambition,Hopes,Way_of_Life,Unfulfillment,Life_is_a_bitch,DRAMA,MUSIC,biography,PERIOD,ROMANCE,20th_century,40s,50s,60s,70s,80s,Arkansas,Memphis,Tennessee,USA,award_winner,critically_acclaimed,oscar_winner,Golden_globe_winner,Prestigious_Awards,based_on_true_story,Serious,Realistic,Country,Drugs/Alcohol,Mild_Violent_Content,Profanity,
The Fighter,7.9,Biography Drama Sport ,25000000,1.059574,Rough,Sincere,Bleak,Captivating,Uplifting,athlete's_life,underdog,siblings_relations,dysfunctional_family,Ambition,Family_problems,Family_relations,athlete_and_trainer,couple_relations,love_affair,parents_and_children,addiction,drug_abuse,relationship_vs_career,working_class,Hopes,Rivalry,Society,Power_relations,Life_is_a_bitch,DRAMA,biography,PERIOD,SPORT,20th_century,80s,90s,Boston,Massachusetts,USA,award_winner,critically_acclaimed,oscar_winner,Golden_globe_winner,Prestigious_Awards,based_on_true_story,Serious,Realistic,Drugs/Alcohol,Profanity,Sexual_Content,Violent_Content,
Little Miss Sunshine,7.9,Adventure Comedy Drama ,8000000,3.117291,Feel_Good,Humorous,Offbeat,Witty,Bittersweet,contests_and_competitions,obsessive_quest,race_against_time,dysfunctional_family,nothing_goes_right,Escapades,Family_problems,Disorder,Chases_and_races,Eccentric_Family,under_the_surface,Ambition,Family_relations,COMEDY,independent,contemporary,21st_century,USA,award_winner,critically_acclaimed,oscar_winner,Modern_classic,Prestigious_Awards,Farce,Irreverent_humor,Dry_Humor,Ensemble_cast,On_the_Road,Semi_Serious,Realistic,Drugs/Alcohol,Profanity,
Taken,7.9,Action Crime Thriller ,25000000,2.190022,Atmospheric,Captivating,Stylized,Sentimental,alien_encounter,kidnapping,Danger,Space_and_aliens,government_agency,single_parent,couple_relations,family_in_danger,haunted_by_the_past,psychological,family_life,Mind_and_soul,Couples,Family_problems,Family_relations,Supernatural,DRAMA,MYSTERY,SCI-FI,contemporary,40s,50s,60s,70s,80s,90s,20th_century,21st_century,USA,award_winner,critically_acclaimed,Emmy_winner,Hit_TV_Series,Prestigious_Awards,Epic,Mini_series,Voice_over,Serious,Fantastic,Special_effects,
The World's Fastest Indian,7.9,Biography Drama Sport ,25000000,-0.887181,Feel_Good,Touching,Humorous,Witty,Captivating,Uplifting,contests_and_competitions,follow_your_dream,obsessive_quest,human_spirit,against_the_odds,Ambition,Hopes,Chases_and_races,golden_years,optimism,fish_out_of_water,Elderly,Escapades,Mind_and_soul,Misfit,Rivalry,Social_relations,DRAMA,biography,ADVENTURE,20th_century,60s,California,New_Zealand,USA,award_winner,critically_acclaimed,On_the_Road,based_on_true_story,Semi_Serious,Realistic,Drugs/Alcohol,
Tangled,7.9,Animation Comedy Family ,260000000,-0.575184,Suspenseful,Tense,amateur_detective,mysterious_character,investigation,manipulations,mind_game,uncover_truth,obsession,dangerous_attraction,love_triangle,missing_person,murder,psychopath,Police_Detective,psychological,Crimes,Deadly,Law_enforcement,Mind_and_soul,friendship,teenage_life,Police_Investigation,Dishonesty,Love_and_romance,Rivalry,Couples,Life_is_a_bitch,MYSTERY,THRILLER,DRAMA,contemporary,Hospital,Nonlinear,Serious,Realistic,
Black Book,7.8,Drama Thriller War ,21000000,-0.884804,Suspenseful,Captivating,Tense,secret_identity,espionage,working_undercover,Dishonesty,Undercover,fugitives,betrayal,survival,vengeance,false_accusation,frame_up,holocaust,wartime_life,Battles,psychological,Danger,Escapades,Mind_and_soul,Rivalry,Life_is_a_bitch,DRAMA,WAR,foreign,PERIOD,THRILLER,20th_century,40s,50s,World_War_2,Europe,Holland,Train,award_winner,critically_acclaimed,Epic,Twists_and_turns,Strong_Female_Presence,based_on_true_story,Serious,Realistic,
The Girl with the Dragon Tattoo,7.8,Crime Drama Mystery ,13000000,-0.572897,Suspenseful,Captivating,Bleak,Gloomy,Rough,Stylized,Tense,Disturbing,amateur_detective,investigation,uncover_truth,Crimes,Partners,unlikely_partners,sexual_abuse,missing_person,Danger,Deadly,Life_is_a_bitch,MYSTERY,CRIME,contemporary,21st_century,Europe,Sweden,award_winner,blockbuster,critically_acclaimed,oscar_winner,Prestigious_Awards,Twists_and_turns,Strong_Female_Presence,based_on_book,remake,Serious,Realistic,Strong_Sexual_Content,Nudity,Profanity,Strong_Violent_Content,
The Triplets of Belleville,7.8,Animation Adventure Comedy ,8000000,-0.518595,Humorous,Feel_Good,Offbeat,Exciting,getting_home,rescue,Danger,Escapades,chase,friendship,kidnapping,Heroes,Friends,ANIMATION,COMEDY,foreign,ADVENTURE,FAMILY,France,award_winner,critically_acclaimed,Irreverent_humor,surreal,Experimental,Semi_Serious,Semi_fantastic,
Mother,7.8,Crime Drama Mystery ,5000000,-0.939798,Clever,Humorous,Witty,single_parent,crumbling_marriage,introspection,couple_relations,looking_for_love,parents_and_children,siblings_relations,dysfunctional_family,Eccentric_Family,midlife_crisis,family_life,Mind_and_soul,Couples,Family_problems,Family_relations,Way_of_Life,Love_and_romance,Unfulfillment,Youth,COMEDY,DRAMA,90s,critically_acclaimed,Irreverent_humor,Talky,Semi_Serious,Realistic,
The Hangover,7.8,Comedy ,35000000,3.357925,Humorous,nothing_goes_right,buddies,investigation,race_against_time,memory_loss,missing_person,Friends,Disorder,weddings,Chases_and_races,Escapades,COMEDY,contemporary,21st_century,Las_Vegas,USA,blockbuster,critically_acclaimed,Golden_globe_winner,Prestigious_Awards,Comedy_of_errors,Farce,Grossout_humor,Irreverent_humor,Silly_Humor,Ensemble_cast,Hollywood_Tone,Twists_and_turns,Not_Serious,Realistic,Drugs/Alcohol,Nudity,Profanity,Sexual_Content,
The Curious Case of Benjamin Button,7.8,Drama Fantasy Romance ,150000000,-0.532466,Atmospheric,Captivating,Bittersweet,Sentimental,Gloomy,Offbeat,Stylized,Contemplative,Touching,aging,Elderly,Hopes,Imaginary,Love_and_romance,Misfit,impossible_love,supernatural_romance,tragic_love,true_love,child_as_adult,Physical_Appearance,fall_in_love,Escapades,Mind_and_soul,Unfulfillment,Couples,Supernatural,DRAMA,FANTASY,ROMANCE,PERIOD,20s,30s,40s,50s,60s,20th_century,New_Orleans,USA,award_winner,blockbuster,critically_acclaimed,Original,oscar_winner,Prestigious_Awards,Epic,Voice_over,Hollywood_Tone,based_on_short_story,Serious,Semi_fantastic,Slow,Profanity,
American Gangster,7.8,Biography Crime Drama ,100000000,-0.284298,Rough,Suspenseful,Captivating,Tense,gangsters,rise_and_fall,Police_Detective,criminal_heroes,Ambition,Crimes,Dishonesty,Law_enforcement,Society,drug_dealing,Police_Corruption,CRIME,DRAMA,PERIOD,20th_century,60s,70s,Harlem,USA,New_York,Urban,award_winner,blockbuster,critically_acclaimed,Hollywood_Tone,based_on_true_story,Serious,Realistic,Drugs/Alcohol,Nudity,Profanity,Sexual_Content,Violent_Content,
O Brother Where Art Thou?,7.8,Adventure Comedy Crime ,26000000,-0.03736,Atmospheric,Clever,Humorous,Offbeat,Stylized,Feel_Good,Witty,Biting,fugitives,obsessive_quest,on_the_run,Chases_and_races,Escapades,criminal_heroes,americana,buddies,misfit_partners,reluctant_partners,breakout,Friends,Confined,Crimes,Partners,Society,Disorder,ADVENTURE,COMEDY,PERIOD,20th_century,30s,Mississippi,USA,award_winner,critically_acclaimed,Golden_globe_winner,Prestigious_Awards,Satire,On_the_Road,surreal,Not_Serious,Realistic,Folk,Country,Mild_Violent_Content,
Joyeux Noel,7.8,Drama History Music ,22000000,-0.973641,Uplifting,Emotional,Captivating,Touching,soldier,human_spirit,anti_war,wartime_life,Military,friendship,military_life,Danger,Hopes,Mind_and_soul,Friends,DRAMA,WAR,foreign,PERIOD,HISTORICAL,1910s,World_War_1,20th_century,Europe,Battle_Zone,award_winner,critically_acclaimed,based_on_true_story,Serious,Realistic,Slow,
(500) Days of Summer,7.8,Comedy Drama Romance ,7500000,1.375367,Witty,Clever,Humorous,Offbeat,Stylized,Bittersweet,obsession,breakup,fall_in_love,Love_and_romance,Mind_and_soul,Unfulfillment,Couples,couple_relations,unfulfilled_love,twentysomething_life,Workplace,independent,COMEDY,ROMANCE,contemporary,21st_century,Los_Angeles,Urban,USA,award_winner,critically_acclaimed,Nonlinear,Voice_over,Talky,Semi_Serious,Realistic,Profanity,
The Social Network,7.8,Biography Drama ,40000000,0.332621,Captivating,Clever,Witty,ego_clash,rise_to_the_top,college_life,Student_Life,computers_and_web,Inventions_and_Discoveries,Ambition,Way_of_Life,Social_relations,betrayal,legal_action,obsession,relationship_vs_career,Dishonesty,Legal,Mind_and_soul,Rivalry,Youth,DRAMA,biography,contemporary,21st_century,California,Massachusetts,USA,College,award_winner,blockbuster,critically_acclaimed,oscar_winner,Golden_globe_winner,Prestigious_Awards,Talky,Hollywood_Tone,based_on_book,based_on_true_story,Serious,Realistic,Drugs/Alcohol,Profanity,
Atonement,7.8,Drama Mystery Romance ,30000000,-0.066435,Emotional,Captivating,Gloomy,Touching,innocence_lost,siblings_relations,unfulfilled_love,false_accusation,wartime_life,Injustice,Unfulfillment,Youth,Life_is_a_bitch,soldier,redemption,couple_relations,social_differences,tragic_love,anti_war,life_turned_upside_down,Dishonesty,Love_and_romance,Military,Mind_and_soul,Society,Family_relations,DRAMA,PERIOD,ROMANCE,WAR,20th_century,30s,40s,World_War_2,England,Europe,London,award_winner,critically_acclaimed,Golden_globe_winner,Prestigious_Awards,oscar_winner,Epic,Twists_and_turns,Melodrama,based_on_book,Serious,Realistic,Slow,Nudity,Profanity,Sexual_Content,
The Violin,7.8,Drama Music ,800000,-0.955108,Captivating,Thought_Provoking,Bleak,Contemplative,rebelliousness,family_in_danger,political_unrest,Injustice,against_the_odds,Rebellion,Society,Life_is_a_bitch,musician's_life,down_on_your_luck,Danger,State_affairs,DRAMA,foreign,70s,Mexico,Latin_America,Village,award_winner,critically_acclaimed,Cannes_festival_winner,Prestigious_Awards,Based_on_Short_Film,Serious,Realistic,B&W,
Hedwig and the Angry Inch,7.8,Comedy Drama Music ,6000000,-0.722334,Offbeat,Sentimental,Clever,Emotional,Humorous,Stylized,Bittersweet,fall_in_love,gays_and_lesbians,music_band,musician's_life,transsexual,transvestism,Artists_and_showbiz,Gender,Friends,Love_and_romance,Mind_and_soul,Couples,fish_out_of_water,betrayal,self_discovery,couple_relations,friendship,gender_bending,Way_of_Life,Misfit,Disorder,COMEDY,DRAMA,MUSICAL,20th_century,80s,Europe,Germany,Kansas,USA,award_winner,critically_acclaimed,Prestigious_Awards,Sundance_festival_winner,Campy,based_on_play,Semi_Serious,Realistic,Rock,Nudity,Profanity,Sexual_Content,
12,7.8,Crime Drama Thriller ,4000000,-0.982809,Captivating,Sincere,parents_and_children,murder,Legal,social_differences,adoption,courtroom_drama,destiny,haunted_by_the_past,holocaust,racism,teenage_life,Crimes,Heroes,Hopes,Mind_and_soul,Society,Family_relations,Life_is_a_bitch,DRAMA,foreign,contemporary,Russia,Ensemble_cast,remake,Serious,Realistic,
Apocalypto,7.8,Action Adventure Drama ,40000000,-0.300677,Rough,Stylized,Suspenseful,Exciting,anti_heroes,chase,on_the_run,survival,destiny,heroic_mission,Chases_and_races,Danger,Deadly,Heroes,Rivalry,manhunt,race_against_time,rescue,vengeance,Life_is_a_bitch,Escapades,Youth,ACTION,ADVENTURE,DRAMA,foreign,16th_century,Ancient_history,award_winner,Epic,Twists_and_turns,gory,Serious,Semi_fantastic,Strong_Violent_Content,
Finding Neverland,7.8,Biography Drama Family ,25000000,0.136885,Clever,Captivating,Bittersweet,Sentimental,Touching,writer's_life,human_nature,friendship,parents_and_children,Artists_and_showbiz,Life_is_a_bitch,Friends,Mind_and_soul,Youth,Family_problems,Family_relations,single_parent,young_heroes,dealing_with_death,death_in_the_family,terminal_illness,DRAMA,biography,1900s,20th_century,England,Europe,London,award_winner,critically_acclaimed,oscar_winner,Prestigious_Awards,based_on_play,based_on_true_story,Serious,Realistic,Slow,
Lost in Translation,7.8,Drama ,4000000,5.127826,Atmospheric,Bittersweet,Contemplative,Touching,Clever,Gloomy,Humorous,Offbeat,Stylized,Captivating,psychological,fish_out_of_water,unlikely_couple,human_nature,couple_relations,friendship,culture_clash,midlife_crisis,dull_life,Artists_and_showbiz,Hopes,Way_of_Life,Love_and_romance,Mind_and_soul,Misfit,Society,Unfulfillment,Couples,Disorder,actor's_life,introspection,under_the_surface,Friends,DRAMA,ROMANCE,independent,COMEDY,contemporary,21st_century,Asia,Tokyo,Hotel,Japan,award_winner,critically_acclaimed,oscar_winner,Modern_classic,Golden_globe_winner,Prestigious_Awards,Semi_Serious,Realistic,Slow,Rock,Alternative,
Changeling,7.8,Drama History Mystery ,55000000,-0.642927,Gloomy,Tense,Disturbing,Sentimental,Atmospheric,Bleak,Suspenseful,Captivating,Touching,investigation,uncover_truth,missing_child,fighting_the_system,psychological,Crimes,Dishonesty,Society,Family_problems,Life_is_a_bitch,missing_person,Police_Corruption,Mind_and_soul,Disorder,DRAMA,MYSTERY,THRILLER,CRIME,PERIOD,20s,20th_century,Los_Angeles,Urban,USA,Hollywood_Tone,based_on_true_story,Serious,Realistic,Slow,Profanity,Violent_Content,
Kung Fu Hustle,7.8,Action Comedy Crime ,20000000,-0.529622,Humorous,Stylized,Exciting,Crimes,Rivalry,gang,gangsters,master_warrior,contests_and_competitions,vengeance,chaos_and_mayhem,murder,Heroes,Chaos,ACTION,COMEDY,foreign,martial_arts,CRIME,PERIOD,20th_century,40s,Asia,China,award_winner,critically_acclaimed,Epic,surreal,Semi_Serious,Fantastic,Fast,Special_effects,Violent_Content,
Ray,7.8,Biography Drama Music ,40000000,0.035457,Sincere,Captivating,Sentimental,musician's_life,rising_to_stardom,Disability,Ambition,Hopes,Way_of_Life,Couples,Artists_and_showbiz,rehabilitation,couple_relations,infidelity,love_affair,addiction,drug_abuse,Dishonesty,Love_and_romance,Mind_and_soul,Life_is_a_bitch,DRAMA,MUSIC,biography,PERIOD,20th_century,30s,50s,60s,70s,USA,award_winner,critically_acclaimed,oscar_winner,Prestigious_Awards,Epic,Hollywood_Tone,based_on_true_story,Serious,Realistic,R&B,Soul,Jazz,
300,7.8,Action Fantasy War ,65000000,0.782126,Stylized,Exciting,Rough,master_warrior,soldier,uninhibited_rivalry,heroic_mission,Battles,Tough_Heroes,against_the_odds,Ambition,Heroes,Military,Rivalry,Society,State_affairs,head_of_state,culture_clash,legends_and_myths,Hopes,WAR,ACTION,ADVENTURE,HISTORICAL,Ancient_history,Greece,award_winner,blockbuster,Epic,gory,Hollywood_Tone,based_on_comics,Serious,Semi_fantastic,Nudity,Sexual_Content,Strong_Violent_Content,
Harry Potter and the Prisoner of Azkaban,7.8,Adventure Family Fantasy ,130000000,0.054979,Stylized,Exciting,Atmospheric,Gloomy,Scary,best_friends,supernatural_ability,young_heroes,redemption,friendship,boarding_school_life,curses_spells_and_rituals,Wizards_and_Magicians,good_versus_evil,Danger,Escapades,Heroes,Hopes,Imaginary,Rivalry,Youth,Supernatural,Friends,breakout,teachers_and_students,parallel_world,Confined,Power_relations,ADVENTURE,FANTASY,FAMILY,contemporary,21st_century,England,Europe,School,Palaces_Castles_and_Temples,Boarding_School,award_winner,blockbuster,critically_acclaimed,Twists_and_turns,Hollywood_Tone,All_star_cast,based_on_book,Serious,Fantastic,Special_effects,Mild_Violent_Content,
The Bourne Supremacy,7.8,Action Crime Thriller ,75000000,0.292441,Rough,Suspenseful,Stylized,fighting_the_system,manhunt,obsessive_quest,on_the_run,race_against_time,uncover_truth,redemption,conspiracies,haunted_by_the_past,heroic_mission,memory_loss,Tough_Heroes,Chases_and_races,Life_is_a_bitch,Dishonesty,Escapades,Heroes,Hopes,Mind_and_soul,Rebellion,Society,Undercover,government_agency,secret_agents,ACTION,THRILLER,contemporary,21st_century,Europe,Germany,Russia,USA,Italy,New_York,award_winner,blockbuster,critically_acclaimed,Twists_and_turns,Hollywood_Tone,based_on_book,Serious,Realistic,Fast,Violent_Content,
Disaster Movie,1.9,Comedy ,25000000,-0.6878,Humorous,save_the_day,survival,chaos_and_mayhem,disaster,forces_of_nature,Danger,Escapades,Heroes,Chaos,Disorder,investigation,twentysomething_life,nothing_goes_right,Crimes,COMEDY,PARODY,contemporary,21st_century,USA,Grossout_humor,slapstick,Silly_Humor,Campy,Not_Serious,Semi_fantastic,Fast,Special_effects,Mild_Violent_Content,Profanity,Sexual_Content,
The Price of Air,1.9,Action Crime Drama ,1000000,-0.998051,Rough,gangsters,drug_dealing,going_straight,addiction,drug_abuse,murder,Crimes,Deadly,Life_is_a_bitch,best_friends,investigation,on_the_run,suburban_life,CRIME,DRAMA,THRILLER,independent,90s,California,USA,Desert,Las_Vegas,Los_Angeles,Suburbs,Serious,Realistic,Hip_hop,
House of the Dead,2.0,Action Horror ,7000000,-0.198622,Rough,Scary,Suspenseful,Exciting,deadly_creature,zombie,survival,violence_spree,Supernatural,Danger,Deadly,Escapades,mad_scientist,race_against_time,chaos_and_mayhem,isolation,teenage_life,Chases_and_races,Chaos,HORROR,ACTION,THRILLER,contemporary,Seattle,USA,Washington,Island,gory,based_on_video_game,Serious,Fantastic,Fast,
Who's Your Caddy?,2.0,Comedy Sport ,7000000,-0.55259,Feel_Good,Humorous,Exciting,uninhibited_rivalry,culture_clash,racism,nothing_goes_right,fish_out_of_water,Ambition,Misfit,Rivalry,Disorder,contests_and_competitions,cons_and_scams,Dishonesty,Society,COMEDY,contemporary,21st_century,North_Carolina,USA,Resort,Grossout_humor,Irreverent_humor,Campy,Not_Serious,Realistic,Hip_hop,Drugs/Alcohol,Nudity,Profanity,Sexual_Content,
Crossover,2.0,Action Sport ,5600000,-0.31155,Tense,athlete's_life,buddies,dedicated_educator,hardcase_students,underdog,contests_and_competitions,follow_your_dream,human_spirit,athlete_and_trainer,friendship,teaching_the_ways_of_the_world,gambling,against_the_odds,Ambition,Hopes,Rivalry,Youth,Power_relations,Friends,betrayal,sport_team,coming_of_age,city_life,Way_of_Life,SPORT,DRAMA,contemporary,College,Urban,On_the_Road,Serious,Realistic,
From Justin to Kelly,2.1,Comedy Musical Romance ,12000000,-0.774401,Feel_Good,Humorous,Touching,fall_in_love,musician's_life,performer's_life,young_lovers,teenage_life,Artists_and_showbiz,Love_and_romance,Youth,Couples,best_friends,betrayal,looking_for_love,teenage_love,Friends,Way_of_Life,MUSICAL,ROMANCE,COMEDY,contemporary,Florida,Miami,Pennsylvania,Texas,USA,Semi_Serious,Realistic,Pop,
Glitter,2.1,Music Romance ,22000000,-0.893166,Sentimental,Emotional,Exciting,performer's_life,desire_for_fame,follow_your_dream,rising_to_stardom,cinderella_story,showbiz,Ambition,Way_of_Life,Artists_and_showbiz,musician's_life,love_affair,parents_and_children,relationship_vs_career,fall_in_love,Hopes,Love_and_romance,Couples,MUSIC,biography,DRAMA,PERIOD,ROMANCE,20th_century,80s,New_York,USA,Serious,Realistic,Pop,R&B,
Son of the Mask,2.1,Adventure Comedy Family ,84000000,-0.888621,Humorous,Feel_Good,mischievous_children,superhero,superhuman_powers,rescue,save_the_day,parents_and_children,child_as_adult,parallel_world,fish_out_of_water,Youth,Family_relations,Disorder,babies_and_infants,supernatural_ability,intrigue,chaos_and_mayhem,custody,Heroes,Imaginary,Misfit,Rivalry,COMEDY,FANTASY,ADVENTURE,FAMILY,Silly_Humor,Semi_Serious,Semi_fantastic,
Epic Movie,2.3,Adventure Comedy ,20000000,0.092833,Humorous,young_heroes,imaginary_kingdom,Escapades,Heroes,Imaginary,Rivalry,Youth,Disorder,orphan,pirate,captivity,curses_spells_and_rituals,heroic_mission,good_versus_evil,nothing_goes_right,Danger,Family_relations,Friends,COMEDY,PARODY,ADVENTURE,FANTASY,contemporary,21st_century,Grossout_humor,slapstick,Silly_Humor,Not_Serious,Fantastic,Fast,Mild_Violent_Content,Profanity,Sexual_Content,
Drona,2.3,Action Adventure Drama ,27000000,-0.995159,Exciting,superhero,ancient_mystery,curses_spells_and_rituals,heroic_mission,imaginary_kingdom,legends_and_myths,good_versus_evil,Escapades,Heroes,Imaginary,Rivalry,chase,destiny,haunted_by_the_past,parallel_world,Wizards_and_Magicians,Battles,Righting_the_Wronged,Danger,Mind_and_soul,FANTASY,PERIOD,foreign,martial_arts,ACTION,ADVENTURE,contemporary,Middle_ages,Serious,Fantastic,Special_effects,
Alone in the Dark,2.3,Action Horror ,20000000,-0.858852,Suspenseful,Scary,parents_and_children,missing_person,Crimes,Danger,Deadly,Mind_and_soul,Rivalry,Family_problems,Family_relations,hostages,slasher,vengeance,family_in_danger,mental_illness,murder,HORROR,THRILLER,80s,gory,Serious,Realistic,
Gigli,2.3,Comedy Crime Romance ,54000000,-0.938189,Humorous,gangsters,couple_relations,fall_in_love,Crimes,Couples,opposites_attract,friendship,kidnapping,Hitman,Love_and_romance,COMEDY,ROMANCE,CRIME,contemporary,Los_Angeles,New_York,USA,Semi_Serious,Realistic,Profanity,Sexual_Content,Violent_Content,
Battlefield Earth,2.4,Action Adventure Sci-Fi ,44000000,-0.731604,Suspenseful,Exciting,Stylized,Evil_Alien,save_the_world,future_dystopia,heroic_mission,good_versus_evil,Escapades,Heroes,Rivalry,Life_is_a_bitch,Space_and_aliens,survival,Danger,Imaginary,Society,ACTION,SCI-FI,Future,Battle_Zone,controversial,Futuristic,Campy,based_on_book,Serious,Fantastic,Special_effects,Profanity,Violent_Content,
Meet the Spartans,2.6,Comedy ,30000000,-0.299049,Humorous,androids_and_robots,Escapades,Heroes,Rivalry,Disorder,buddies,goofy_hero,master_warrior,contests_and_competitions,heroic_mission,Friends,COMEDY,PARODY,Ancient_history,Grossout_humor,slapstick,Silly_Humor,Not_Serious,Fantastic,Fast,Mild_Violent_Content,Profanity,Sexual_Content,
Date Movie,2.7,Comedy Romance ,20000000,0.335082,Humorous,unlikely_couple,opposites_attract,looking_for_love,cinderella_story,weddings,Disorder,singleness,wooing,nothing_goes_right,fall_in_love,family_life,Way_of_Life,Love_and_romance,Youth,Couples,Family_relations,Friends,COMEDY,PARODY,contemporary,Seattle,USA,Grossout_humor,slapstick,Silly_Humor,Not_Serious,Realistic,Fast,Mild_Violent_Content,Profanity,Sexual_Content,
Daddy Day Camp,2.8,Comedy Family ,6000000,0.213233,Humorous,nothing_goes_right,Youth,Family_relations,Disorder,buddies,goofy_hero,mischievous_children,fish_out_of_water,Escapades,Misfit,Friends,COMEDY,FAMILY,contemporary,21st_century,USA,Wilderness,Silly_Humor,slapstick,Not_Serious,Realistic,
BloodRayne,2.8,Action Adventure Fantasy ,25000000,-0.947081,Rough,Suspenseful,Offbeat,Stylized,Scary,vampire,vengeance,heroic_mission,Danger,Deadly,Escapades,Supernatural,intrigue,disaster,isolation,Heroes,Rivalry,HORROR,contemporary,Europe,Romania,gory,Serious,Fantastic,
Dragonball: Evolution,2.8,Action Adventure Fantasy ,45000000,-0.885566,Feel_Good,Offbeat,Suspenseful,superhuman_powers,young_heroes,save_the_world,legends_and_myths,good_versus_evil,Escapades,Heroes,Imaginary,Evil_Alien,master_villain,master_warrior,Danger,Rivalry,ACTION,ADVENTURE,FANTASY,martial_arts,SCI-FI,Future,based_on_TV_series,Serious,Fantastic,Fast,Special_effects,
The Ten Commandments,2.8,Animation Family ,10000000,-0.948397,Captivating,Atmospheric,Stylized,self_discovery,miraculous_event,Danger,rescue,Religions_or_Cults,against_the_odds,Ambition,Hopes,Imaginary,Mind_and_soul,Society,DRAMA,ADVENTURE,HISTORICAL,Ancient_history,Africa,Egypt,Middle_East,Desert,award_winner,blockbuster,Classic,critically_acclaimed,oscar_winner,Prestigious_Awards,Epic,Hollywood_Tone,based_on_book,Serious,
Blonde and Blonder,2.9,Comedy Crime ,8000000,-0.9971,Humorous,Sexy,best_friends,odd_couple,friendship,mistaken_identity,Hitman,nothing_goes_right,Crimes,Disorder,Friends,gangsters,fish_out_of_water,Danger,Dishonesty,Misfit,Partners,COMEDY,CRIME,contemporary,21st_century,Canada,Comedy_of_errors,Farce,Campy,Not_Serious,Realistic,Sexual_Content,
Phat Girlz,2.9,Comedy ,3000000,0.294248,Feel_Good,Humorous,Touching,Sentimental,unlikely_couple,follow_your_dream,opposites_attract,introspection,self_discovery,friendship,looking_for_love,wooing,workplace_romance,cinderella_story,thirtysomething_life,fall_in_love,Hopes,Love_and_romance,Couples,rise_to_the_top,fashion,Way_of_Life,Mind_and_soul,Friends,COMEDY,ROMANCE,contemporary,USA,Strong_Female_Presence,Semi_Serious,Realistic,
Rollerball,2.9,Action Sci-Fi Sport ,70000000,-0.850787,Rough,Exciting,athlete's_life,hotshot_hero,contests_and_competitions,future_dystopia,fighting_the_system,against_the_odds,Ambition,Heroes,Rebellion,Rivalry,Society,uncover_truth,sport_team,Danger,Life_is_a_bitch,Friends,SCI-FI,independent,ACTION,SPORT,Future,award_winner,blockbuster,Prestigious_Awards,Futuristic,based_on_short_story,Serious,Semi_fantastic,classical,Violent_Content,
House of Usher,3.0,Horror Thriller ,1000000,-0.999159,Atmospheric,Suspenseful,Scary,curses_spells_and_rituals,Mind_and_soul,Supernatural,ghost,Danger,HORROR,THRILLER,contemporary,21st_century,Estate,Gothic,based_on_book,Serious,Realistic,
The Honeymooners,3.0,Comedy Drama Family ,27000000,-0.738566,Feel_Good,Humorous,Clever,Witty,buddies,couple_relations,nothing_goes_right,family_life,Way_of_Life,Friends,battle_of_the_sexes,human_nature,friendship,working_class,workplace_situations,Love_and_romance,Couples,Family_relations,COMEDY,FAMILY,20th_century,50s,New_York,USA,Bus,award_winner,critically_acclaimed,Emmy_winner,Hit_TV_Series,Prestigious_Awards,Irreverent_humor,Sitcom,Not_Serious,Realistic,B&W,
Detention,3.1,Horror Thriller ,2150000,-0.999951,Sincere,high_school_life,teenage_life,Youth,hardcase_students,teachers_and_students,Life_is_a_bitch,Society,Power_relations,Social_relations,DRAMA,independent,20th_century,90s,Baltimore,USA,High_school,Talky,based_on_play,Serious,Realistic,Profanity,
Witless Protection,3.1,Comedy Crime ,7500000,-0.697013,Humorous,Exciting,nothing_goes_right,fish_out_of_water,fugitives,on_the_run,kidnapping,woman_in_danger,Crimes,Danger,Law_enforcement,Disorder,goofy_hero,hidden_identity,witnessing_a_crime,Chases_and_races,COMEDY,CRIME,contemporary,21st_century,Mississippi,USA,Small_town,Comedy_of_errors,Grossout_humor,Silly_Humor,Campy,Not_Serious,Realistic,
Larry the Cable Guy: Health Inspector,3.1,Comedy Romance ,4000000,1.152654,Feel_Good,Humorous,Exciting,investigation,riddles_and_clues,Misfit,Partners,Undercover,Disorder,goofy_hero,misfit_partners,who_done_it,working_undercover,nothing_goes_right,Crimes,Danger,COMEDY,contemporary,21st_century,restaurant,Grossout_humor,Campy,Not_Serious,Realistic,Sexual_Content,
Night of the Living Dead 3D,3.1,Horror ,750000,-0.842113,Rough,Suspenseful,Scary,Tense,zombie,survival,isolation,Danger,Deadly,Supernatural,chaos_and_mayhem,woman_in_danger,Escapades,Chaos,HORROR,independent,contemporary,Small_town,Farm,gory,remake,Serious,Fantastic,Fast,3D,Digital_Video,Drugs/Alcohol,Nudity,Profanity,Violent_Content,
Southern Justice,3.2,Action Adventure Thriller ,600000,-0.871667,Suspenseful,Rough,Exciting,tough_law_enforcer,fighting_crime,working_undercover,Tough_Heroes,Police_Detective,Chases_and_races,Crimes,Law_enforcement,Undercover,Police_Investigation,gang,Heroes,martial_arts,ACTION,CRIME,contemporary,21st_century,Seattle,USA,Washington,Urban,Serious,Realistic,Violent_Content,
Crossroads,3.2,Adventure Comedy Drama ,12000000,0.704481,Emotional,Captivating,Sentimental,buddies,musician's_life,prodigy,Ambition,Way_of_Life,Friends,obsessive_quest,DRAMA,MUSIC,20th_century,80s,Mississippi,USA,New_York,On_the_Road,Serious,Semi_fantastic,Blues,R&B,
Fascination,3.2,Mystery Romance Thriller ,5000000,-0.998233,Sexual,Suspenseful,Rough,Stylized,deadly_creature,femme_fatale,ghost,vampire,zombie,couple_relations,dangerous_attraction,sexual_relations,heroic_mission,isolation,woman_in_danger,Crimes,Deadly,Mind_and_soul,Couples,Supernatural,gang,gays_and_lesbians,on_the_run,heist,twentysomething_life,Danger,Imaginary,Power_relations,HORROR,foreign,EROTIC,THRILLER,70s,Europe,France,Palaces_Castles_and_Temples,gory,Serious,Fantastic,
Royal Kill,3.2,Action Thriller ,350000,-0.921287,Rough,Suspenseful,Exciting,master_warrior,assassination_attempt,Danger,Deadly,Heroes,assassination,woman_in_danger,Tough_Heroes,Hitman,good_versus_evil,Crimes,Escapades,Rivalry,ACTION,THRILLER,independent,contemporary,21st_century,USA,Serious,Realistic,Violent_Content,
Color of the Cross,3.3,Drama ,2500000,-0.981356,
The Master of Disguise,3.3,Comedy Family ,16000000,0.387496,Feel_Good,Humorous,goofy_hero,supernatural_ability,heroic_mission,nothing_goes_right,Danger,Escapades,Heroes,Rivalry,Disorder,Supernatural,master_villain,rescue,kidnapping,good_versus_evil,Confined,COMEDY,FAMILY,ADVENTURE,contemporary,21st_century,USA,Grossout_humor,slapstick,Silly_Humor,Campy,Not_Serious,Fantastic,Special_effects,
Catwoman,3.3,Action Crime ,100000000,-0.778887,Exciting,Stylized,Suspenseful,superhero,superhuman_powers,vengeance,vigilantism,Crimes,Escapades,Heroes,Imaginary,Rivalry,uncover_truth,conspiracies,reincarnation,Righting_the_Wronged,Hopes,Life_is_a_bitch,Supernatural,ACTION,FANTASY,contemporary,21st_century,Urban,Campy,Strong_Female_Presence,based_on_comics,Serious,Fantastic,Fast,Special_effects,Sexual_Content,Violent_Content,
You Got Served,3.3,Drama Music ,8000000,1.754572,Humorous,Stylized,buddies,Dancer's_Life,performer's_life,underdog,contests_and_competitions,friendship,teenage_life,Ambition,Way_of_Life,Rivalry,Youth,Artists_and_showbiz,betrayal,follow_your_dream,Hopes,Society,Friends,DRAMA,COMEDY,SPORT,MUSIC,contemporary,21st_century,Los_Angeles,Urban,USA,Serious,Realistic,Hip_hop,Sexual_Content,
Circle,3.3,Horror Thriller ,2000000,-0.997324,Suspenseful,Tense,Disturbing,serial_killer,mind_game,murder,riddles_and_clues,psychopath,Crimes,Danger,Deadly,Mind_and_soul,psychological,race_against_time,Student_Life,Chases_and_races,Rivalry,Youth,THRILLER,independent,contemporary,21st_century,USA,Serious,Realistic,
Immigration Tango,3.4,Comedy ,1100000,-0.999456,Feel_Good,Humorous,Witty,best_friends,buddies,immigrants,couple_relations,nothing_goes_right,Dishonesty,Love_and_romance,Couples,Disorder,Friends,switching_roles,americana,Society,COMEDY,ROMANCE,contemporary,21st_century,Miami,USA,Semi_Serious,Realistic,
Dumb and Dumberer: When Harry Met Lloyd,3.4,Comedy ,19000000,-0.241149,Humorous,buddies,goofy_hero,social_misfits,high_school_life,teenage_life,Misfit,Partners,Youth,Disorder,Friends,best_friends,obsessive_quest,friendship,teachers_and_students,cons_and_scams,nothing_goes_right,Love_and_romance,COMEDY,20th_century,80s,USA,High_school,Grossout_humor,slapstick,Silly_Humor,Not_Serious,Realistic,
Evidence of a Haunting,3.5,Drama Fantasy Horror ,25000,0.198428,Suspenseful,Scary,Rough,ghost,Supernatural,investigation,race_against_time,tv_show,filmmaking,Danger,Deadly,Escapades,HORROR,contemporary,21st_century,Louisiana,Oklahoma,Texas,USA,haunted_house,tunnel,College,Serious,Fantastic,
Thomas and the Magic Railroad,3.5,Adventure Comedy Drama ,19000000,-0.539409,Humorous,adventurer,best_friends,mischievous_children,pirate,race_against_time,rescue,friendship,curses_spells_and_rituals,heroic_mission,imaginary_kingdom,parallel_world,good_versus_evil,Danger,Escapades,Imaginary,young_heroes,parents_and_children,family_life,Rivalry,Youth,Disorder,Friends,ANIMATION,FANTASY,independent,FAMILY,ADVENTURE,Island,Mountains,Train,based_on_book,Semi_Serious,Fantastic,
The Room,3.5,Drama ,6000000,-0.999826,Humorous,betrayal,friendship,infidelity,love_affair,love_triangle,Dishonesty,Love_and_romance,Couples,best_friends,orphan,prodigy,vampire,drug_dealing,terminal_illness,Mind_and_soul,Friends,COMEDY,ROMANCE,DRAMA,independent,contemporary,21st_century,Dark_Humor,Semi_Serious,Realistic,
Dance Flick,3.5,Action Comedy Music ,25000000,-0.436453,Humorous,Dancer's_Life,follow_your_dream,couple_relations,interracial_relations,culture_clash,teenage_life,Way_of_Life,Youth,Couples,Artists_and_showbiz,contests_and_competitions,teenage_love,Ambition,Love_and_romance,Rivalry,Society,COMEDY,PARODY,contemporary,21st_century,USA,Not_Serious,Realistic,Hip_hop,
Vampires Suck,3.5,Comedy ,20000000,0.008098,Humorous,Exciting,vampire,love_triangle,teenage_life,Imaginary,Youth,Supernatural,supernatural_ability,supernatural_romance,teenage_love,high_school_life,Danger,Deadly,Love_and_romance,Disorder,COMEDY,PARODY,contemporary,21st_century,Grossout_humor,Silly_Humor,Irreverent_humor,Campy,Not_Serious,Fantastic,Drugs/Alcohol,Profanity,Sexual_Content,
The Flintstones in Viva Rock Vegas,3.5,Comedy Family Romance ,83000000,-0.766539,Feel_Good,Humorous,Offbeat,buddies,friendship,heroic_mission,nothing_goes_right,fish_out_of_water,Disorder,Friends,goofy_hero,Heroes,Love_and_romance,Misfit,Partners,COMEDY,FAMILY,Prehistory,Las_Vegas,Nevada,USA,Silly_Humor,Not_Serious,Semi_fantastic,
The Sculptress,3.5,Thriller ,3000000,-0.998172,Suspenseful,Bleak,Tense,Contemplative,investigation,uncover_truth,false_accusation,Injustice,Righting_the_Wronged,Crimes,Dishonesty,Life_is_a_bitch,journalism,courtroom_drama,death_in_the_family,frame_up,murder,prison_life,Confined,Hopes,Legal,Family_problems,DRAMA,THRILLER,CRIME,MYSTERY,90s,Prison,critically_acclaimed,based_on_book,Serious,Realistic,
The Fog,3.6,Horror ,18000000,-0.098272,Suspenseful,Scary,Atmospheric,Gloomy,Tense,ghost,vengeance,haunted_by_the_past,Supernatural,small_town_life,Mind_and_soul,Social_relations,HORROR,THRILLER,independent,20th_century,70s,California,USA,Small_town,Nonlinear,Serious,Fantastic,Violent_Content,
Swept Away,3.6,Comedy Romance ,10000000,-0.967075,Sexual,Captivating,Thought_Provoking,Biting,Cynical,Clever,Humorous,opposites_attract,couple_relations,sexual_relations,social_differences,isolation,fall_in_love,Confined,Love_and_romance,Couples,Power_relations,master_and_servant,survival,love_affair,sexual_abuse,Danger,Mind_and_soul,Society,DRAMA,ROMANCE,foreign,ADVENTURE,COMEDY,20th_century,70s,Island,critically_acclaimed,Semi_Serious,Realistic,Strong_Sexual_Content,
Luminarias,3.6,Comedy Romance ,1000000,-0.764306,Humorous,Bittersweet,Sentimental,Feel_Good,Touching,city_life,gays_and_lesbians,immigrants,battle_of_the_sexes,feminism,friendship,looking_for_love,singleness,culture_clash,family_business,nightlife,twentysomething_life,thirtysomething_life,Gender,Friends,Way_of_Life,Love_and_romance,Society,Couples,artist's_life,buddies,opposites_attract,social_differences,racism,transvestism,Family_relations,COMEDY,DRAMA,ROMANCE,independent,90s,California,USA,restaurant,Los_Angeles,Urban,Talky,based_on_play,Semi_Serious,Realistic,
The Last Godfather,3.6,Comedy ,13400000,-0.993285,Humorous,gangsters,goofy_hero,parents_and_children,Disorder,unlikely_criminals,uninhibited_rivalry,criminal_heroes,Crimes,Rivalry,Family_relations,COMEDY,PERIOD,20th_century,50s,New_York,USA,slapstick,Silly_Humor,Not_Serious,Realistic,
I Know Who Killed Me,3.6,Crime Mystery Thriller ,12000000,-0.668465,Rough,Suspenseful,Scary,Mind_Bending,Tense,serial_killer,kidnapping,woman_in_danger,Crimes,Danger,Mind_and_soul,Disorder,twins,mind_game,race_against_time,stalking,parents_and_children,missing_person,mistaken_identity,riddles_and_clues,psychopath,psychological,Confined,Deadly,Dishonesty,Family_relations,Life_is_a_bitch,THRILLER,MYSTERY,contemporary,21st_century,USA,Hospital,Small_town,Twists_and_turns,gory,Serious,Semi_fantastic,Nudity,Profanity,Violent_Content,
The Wicker Man,3.6,Horror Mystery Thriller ,40000000,-0.674901,Suspenseful,Scary,Offbeat,Mind_Bending,investigation,missing_child,Religions_or_Cults,psychological,Crimes,Escapades,Mind_and_soul,obsessive_quest,isolation,missing_person,Police_Detective,Family_problems,HORROR,THRILLER,MYSTERY,contemporary,21st_century,Small_town,Twists_and_turns,remake,Serious,Semi_fantastic,Profanity,Violent_Content,
MVP: Most Valuable Primate,3.6,Comedy Family Sport ,4500000,-0.847682,Humorous,Feel_Good,athlete_and_trainer,friendship,animal_life,Friends,athlete's_life,buddies,underdog,contests_and_competitions,teachers_and_students,sport_team,against_the_odds,Ambition,Youth,Power_relations,Disorder,COMEDY,FAMILY,SPORT,20th_century,90s,Canada,Silly_Humor,Not_Serious,Semi_fantastic,
Furry Vengeance,3.7,Comedy Family ,35000000,-0.723487,Humorous,animal_life,nothing_goes_right,Rivalry,Family_relations,Disorder,uninhibited_rivalry,vengeance,parents_and_children,environmentalism,family_life,Family_problems,COMEDY,FAMILY,contemporary,21st_century,Oregon,USA,in_the_woods,Silly_Humor,Hollywood_Tone,Not_Serious,Fantastic,
Beverly Hills Chihuahua,3.7,Adventure Comedy Drama ,20000000,1.598675,Humorous,pets,getting_home,animal_life,fish_out_of_water,Way_of_Life,Misfit,Disorder,opposites_attract,rescue,friendship,social_differences,culture_clash,Danger,Hopes,Couples,Friends,COMEDY,FAMILY,ADVENTURE,contemporary,21st_century,Beverly_Hills,California,Mexico,Latin_America,USA,Urban,slapstick,Silly_Humor,Hollywood_Tone,On_the_Road,Not_Serious,Semi_fantastic,
Unidentified,3.7,Sci-Fi ,600000,-0.796401,Atmospheric,Uplifting,redemption,Religions_or_Cults,Society,investigation,journalism,alien_encounter,Hopes,Media,Space_and_aliens,Supernatural,DRAMA,independent,SCI-FI,contemporary,21st_century,Texas,USA,Small_town,Serious,Semi_fantastic,
The Adventures of Pluto Nash,3.7,Comedy Action Sci-Fi ,100000000,-0.97569,Humorous,Stylized,gangsters,Crimes,androids_and_robots,goofy_hero,master_criminal,chase,on_the_run,space_wars,Danger,Rivalry,Disorder,COMEDY,SCI-FI,ADVENTURE,CRIME,19th_century,Future,Old_west,Nightclub,Futuristic,Not_Serious,Fantastic,Fast,
Deadlands 2: Trapped,3.8,Horror Sci-Fi Thriller ,5800,-0.720259,Suspenseful,Scary,Exciting,Bleak,Rough,Supernatural,Danger,Deadly,zombie,Chases_and_races,Escapades,Chaos,independent,HORROR,SCI-FI,THRILLER,contemporary,21st_century,Maryland,gory,Serious,Fantastic,
Blonde Ambition,3.8,Comedy Romance ,10000000,-0.999647,Feel_Good,Humorous,rise_to_the_top,cinderella_story,fish_out_of_water,Ambition,Love_and_romance,Workplace,obnoxious_boss,couple_relations,love_triangle,workplace_romance,workplace_situations,Misfit,Couples,COMEDY,ROMANCE,contemporary,21st_century,New_York,Urban,USA,Screwball,Semi_Serious,Realistic,Sexual_Content,
Kambakkht Ishq,3.8,Action Comedy Romance ,12500000,-0.936387,Humorous,Offbeat,battle_of_the_sexes,true_love,weddings,Love_and_romance,Couples,MUSICAL,foreign,Bollywood,COMEDY,ROMANCE,contemporary,21st_century,Hollywood,USA,Semi_Serious,Realistic,Indian,
In the Name of the King: A Dungeon Siege Tale,3.8,Action Adventure Drama ,60000000,-0.958428,Exciting,master_villain,rescue,curses_spells_and_rituals,heroic_mission,imaginary_kingdom,Wizards_and_Magicians,good_versus_evil,Danger,Escapades,Heroes,Imaginary,Rivalry,supernatural_ability,vengeance,Friends,ADVENTURE,FANTASY,dungeon,Palaces_Castles_and_Temples,Epic,based_on_video_game,Serious,Fantastic,Violent_Content,
The Haunting of Molly Hartley,3.8,Drama Horror Thriller ,5000000,0.468519,Bleak,Suspenseful,Tense,haunted_by_the_past,Deadly,Mind_and_soul,Youth,dealing_with_death,starting_over,parents_and_children,curses_spells_and_rituals,high_school_life,teenage_life,psychological,Danger,Family_relations,Supernatural,HORROR,THRILLER,contemporary,21st_century,Los_Angeles,High_school,USA,Twists_and_turns,Strong_Female_Presence,Serious,Semi_fantastic,Drugs/Alcohol,Profanity,Violent_Content,
Holla,3.8,Horror ,200000,-0.54578,Suspenseful,Scary,slasher,Crimes,Deadly,gang,psychopath,Danger,HORROR,THRILLER,contemporary,21st_century,Mountains,gory,Serious,Realistic,
3 Strikes,3.8,Comedy ,6000000,-0.099711,Humorous,Feel_Good,Witty,nothing_goes_right,going_straight,on_the_run,starting_over,Disorder,cons_and_scams,heist,Righting_the_Wronged,Chases_and_races,Law_enforcement,Partners,COMEDY,independent,90s,police_station,Silly_Humor,Comedy_of_errors,Irreverent_humor,Not_Serious,Realistic,Hip_hop,
Chaos,3.8,Sci-Fi ,50000000,-0.997753,Rough,Suspenseful,Exciting,heist,Police_Investigation,Crimes,Law_enforcement,gangsters,hostages,chaos_and_mayhem,Police_Detective,Deadly,Dishonesty,Partners,Rivalry,Chaos,ACTION,CRIME,THRILLER,DRAMA,contemporary,Seattle,USA,Serious,Realistic,
Soul Survivors,3.8,Drama Horror Mystery ,14000000,-0.878189,Suspenseful,Scary,Tense,Atmospheric,Disturbing,afterlife,college_life,haunted_by_the_past,woman_in_danger,Danger,Deadly,Mind_and_soul,Supernatural,ghost,Student_Life,psychological,Way_of_Life,Youth,Social_relations,HORROR,THRILLER,independent,contemporary,21st_century,USA,College,Twists_and_turns,gory,Serious,Semi_fantastic,Drugs/Alcohol,Sexual_Content,Violent_Content,
Tashan,3.8,Action Comedy Crime ,8247000,-0.971395,Suspenseful,Captivating,Bleak,Exciting,criminal_heroes,criminal's_revenge,gang,gangsters,master_criminal,betrayal,chase,crime_gone_awry,on_the_run,vengeance,murder,Chases_and_races,Crimes,Deadly,Rivalry,fall_in_love,Danger,Dishonesty,Disorder,ACTION,CRIME,foreign,martial_arts,THRILLER,contemporary,Asia,India,On_the_Road,Serious,Realistic,Fast,
The Love Guru,3.8,Comedy Romance Sport ,62000000,-0.714037,Humorous,athlete's_life,contests_and_competitions,couple_relations,sport_team,Way_of_Life,Rivalry,Couples,Friends,underdog,crumbling_marriage,uninhibited_rivalry,breakup,fall_in_love,Ambition,Love_and_romance,Partners,Family_problems,COMEDY,PARODY,ROMANCE,SPORT,contemporary,Canada,Grossout_humor,Hollywood_Tone,Not_Serious,Realistic,Profanity,
Outta Time,3.8,Adventure Crime Action ,1500000,-0.998514,Rough,Suspenseful,Exciting,gang,chase,Chases_and_races,Crimes,criminal_heroes,government_agency,hostages,crime_gone_awry,drug_dealing,on_the_run,race_against_time,doctors_and_patients,parents_and_children,false_accusation,kidnapping,psychopath,Life_is_a_bitch,Confined,Rivalry,ACTION,CRIME,THRILLER,contemporary,21st_century,California,Mexico,Latin_America,USA,Laboratory,School,University,College,Experimental,Serious,Realistic,Drugs/Alcohol,Profanity,Violent_Content,
I Can Do Bad All by Myself,3.8,Comedy Drama ,13000000,1.1872,Humorous,Family_relations,golden_years,goofy_hero,siblings_relations,teaching_the_ways_of_the_world,Eccentric_Family,prison_life,nothing_goes_right,family_life,fish_out_of_water,Couples,Family_problems,Disorder,COMEDY,contemporary,21st_century,Prison,Theater,Semi_Serious,Realistic,
Prom Night,3.8,Horror Mystery ,20000000,0.206407,Rough,Suspenseful,Scary,Tense,mysterious_character,serial_killer,slasher,stalking,vengeance,psychopath,Danger,Deadly,Youth,chase,investigation,mind_game,track_down,death_in_the_family,high_school_life,teenage_life,Mind_and_soul,Rivalry,HORROR,THRILLER,20th_century,70s,High_school,gory,Serious,Realistic,
Cruel World,3.9,Comedy Horror Thriller ,2000000,-0.995505,Suspenseful,Offbeat,hostages,vengeance,kidnapping,media_satire,tv_show,Danger,Media,Mind_and_soul,slasher,psychopath,Confined,Rivalry,HORROR,THRILLER,COMEDY,contemporary,Satire,gory,Serious,Semi_fantastic,
One Missed Call,3.9,Horror Mystery ,27000000,-0.452515,Atmospheric,Suspenseful,Scary,Tense,ghost,slasher,supernatural_ability,investigation,vengeance,curses_spells_and_rituals,family_in_danger,haunted_by_the_past,missing_child,murder,woman_in_danger,psychopath,good_versus_evil,psychological,Crimes,Danger,Deadly,Mind_and_soul,Rivalry,Supernatural,zombie,siblings_relations,destiny,teenage_life,tv_show,Escapades,HORROR,THRILLER,foreign,MYSTERY,contemporary,21st_century,Asia,Hospital,Japan,based_on_book,Serious,Fantastic,
Norbit,3.9,Comedy Romance ,60000000,-0.126201,Humorous,couple_relations,Couples,Family_relations,Disorder,goofy_hero,unlikely_couple,unsupportive_spouse,infidelity,siblings_relations,fall_in_love,Love_and_romance,Family_problems,COMEDY,contemporary,20th_century,21st_century,USA,Grossout_humor,Silly_Humor,slapstick,Hollywood_Tone,Not_Serious,Realistic,
Lower Learning,3.9,Comedy ,2000000,-0.999299,Humorous,Witty,anti_heroes,dedicated_educator,hardcase_students,underdog,idealism,teachers_and_students,adolescence_vs_adulthood,high_school_life,teenage_life,fighting_the_system,against_the_odds,Society,Youth,Power_relations,media_satire,Ambition,Misfit,Rebellion,COMEDY,contemporary,21st_century,USA,School,High_school,Satire,Irreverent_humor,Semi_Serious,Realistic,
The Country Bears,3.9,Comedy Family Music ,35000000,-0.73303,Feel_Good,Humorous,mischievous_children,music_band,young_heroes,rescue,friendship,adoption,fish_out_of_water,Heroes,Disorder,Friends,musician's_life,orphan,pirate,save_the_day,self_discovery,reunion,Danger,Escapades,Misfit,Youth,Family_relations,COMEDY,FAMILY,MUSIC,ANIMATION,FANTASY,MUSICAL,Music_Concert,Tennessee,USA,Not_Serious,Fantastic,Rock,
Redline,3.9,Action ,26000000,-0.854522,Suspenseful,Exciting,chase,race_against_time,car_chase,Rivalry,Chases_and_races,contests_and_competitions,uninhibited_rivalry,cons_and_scams,gambling,Ambition,Crimes,Dishonesty,ACTION,car_race,contemporary,21st_century,Las_Vegas,USA,Serious,Realistic,Fast,
Torque,3.9,Action Thriller ,40000000,-0.708826,Suspenseful,Rough,Stylized,fugitives,gang,chase,manhunt,false_accusation,frame_up,Chases_and_races,Partners,Rivalry,buddies,special_agents,on_the_run,race_against_time,vigilantism,murder,Danger,Law_enforcement,Misfit,Undercover,ACTION,THRILLER,CRIME,contemporary,surreal,Campy,Serious,Realistic,Fast,
Book of Shadows: Blair Witch 2,4.0,Horror Mystery Thriller ,15000000,-0.031218,Suspenseful,Scary,Bleak,Rough,Stylized,slasher,supernatural_ability,curses_spells_and_rituals,Danger,Deadly,Mind_and_soul,Supernatural,missing_person,HORROR,THRILLER,independent,90s,Boston,Maryland,USA,College,Ensemble_cast,gory,Serious,Semi_fantastic,
In Her Line of Fire,4.0,Action Drama ,1000000,-0.999514,Suspenseful,Rough,head_of_state,hostages,one_man_army,daring_rescue,race_against_time,save_the_day,kidnapping,missing_person,Confined,Crimes,Danger,Escapades,Heroes,secret_agents,soldier,journalism,terrorism,conspiracies,Tough_Heroes,Chases_and_races,Military,Rivalry,State_affairs,ACTION,contemporary,Latin_America,Island,Strong_Female_Presence,Serious,Realistic,
Bones,4.0,Crime Horror ,16000000,-0.748796,Suspenseful,Witty,partners_against_crime,Police_Investigation,Crimes,Deadly,Law_enforcement,Partners,special_agents,murder,riddles_and_clues,Rivalry,CRIME,MYSTERY,contemporary,21st_century,USA,Washington_dc,critically_acclaimed,Strong_Female_Presence,Semi_Serious,Realistic,
Urban Legends: Final Cut,4.0,Horror Mystery Thriller ,15000000,-0.21281,Suspenseful,Scary,serial_killer,slasher,murder,who_done_it,psychopath,Crimes,Deadly,twins,contests_and_competitions,college_life,cons_and_scams,teenage_life,city_life,Rivalry,HORROR,THRILLER,90s,College,Urban,gory,Serious,Realistic,
Hannah Montana: The Movie,4.0,Comedy Drama Family ,30000000,0.458726,Feel_Good,Humorous,Touching,fish_out_of_water,best_friends,hidden_identity,performer's_life,celebrity_culture,culture_clash,teenage_life,Artists_and_showbiz,Friends,Way_of_Life,Youth,coming_of_age,fall_in_love,parents_and_children,Love_and_romance,Family_relations,Disorder,COMEDY,FAMILY,MUSIC,ROMANCE,contemporary,21st_century,Tennessee,USA,Farm,Hollywood_Tone,based_on_TV_series,Semi_Serious,Realistic,Pop,
Nowhere Man,4.0,Comedy Crime Drama ,250000,-0.994834,Suspenseful,Exciting,Mind_Bending,obsessive_quest,conspiracies,Chases_and_races,Crimes,Dishonesty,DRAMA,MYSTERY,THRILLER,ACTION,90s,Serious,Realistic,
Megiddo: The Omega Code 2,4.0,Action Adventure Fantasy ,22000000,-0.850634,Suspenseful,parents_and_children,siblings_relations,heroic_mission,good_versus_evil,Heroes,Rivalry,Family_relations,orphan,supernatural_ability,leadership,rise_to_the_top,apocalypse,Religions_or_Cults,politics,Danger,Escapades,State_affairs,DRAMA,THRILLER,contemporary,Israel,Middle_East,Futuristic,based_on_book,Serious,Semi_fantastic,
Halloween: Resurrection,4.0,Horror Thriller ,15000000,0.109521,Rough,Suspenseful,Scary,ghost,serial_killer,slasher,vengeance,Student_Life,teenage_life,psychopath,Crimes,Danger,Deadly,Rivalry,Youth,contests_and_competitions,survival,curses_spells_and_rituals,computers_and_web,HORROR,THRILLER,independent,contemporary,College,Mental_Institution,gory,Serious,Semi_fantastic,
On the Line,4.1,Comedy Family Romance ,16000000,-0.850237,Feel_Good,Humorous,Sentimental,Touching,buddies,music_band,unlikely_couple,friendship,looking_for_love,singleness,teenage_love,unfulfilled_love,wooing,workplace_romance,teenage_life,twentysomething_life,thirtysomething_life,fall_in_love,Way_of_Life,Love_and_romance,Couples,Friends,Campaign,Youth,COMEDY,ROMANCE,contemporary,Chicago,USA,Train,Not_Serious,Realistic,
Boogeyman,4.1,Drama Horror Mystery ,20000000,0.274986,
King's Ransom,4.1,Comedy Crime ,15000000,-0.853374,Humorous,Witty,crime_gone_awry,couple_relations,workplace_romance,cons_and_scams,kidnapping,nothing_goes_right,Crimes,Couples,Disorder,hostages,unlikely_criminals,crumbling_marriage,breakup,Dishonesty,Love_and_romance,Workplace,COMEDY,CRIME,contemporary,Ensemble_cast,Semi_Serious,Realistic,Fast,
Marmaduke,4.1,Comedy Family ,50000000,-0.629922,Feel_Good,Humorous,Sentimental,pets,nothing_goes_right,family_life,Family_relations,Disorder,Friends,best_friends,suburban_life,animal_life,fish_out_of_water,Way_of_Life,Misfit,COMEDY,FAMILY,contemporary,21st_century,California,USA,Suburbs,Silly_Humor,based_on_comics,Semi_Serious,Semi_fantastic,
Chain Letter,4.1,Horror Thriller ,5000000,-0.98427,Rough,Suspenseful,Scary,Tense,violence_spree,murder,computers_and_web,psychopath,Danger,Deadly,Youth,best_friends,on_the_run,teenage_life,Chases_and_races,Crimes,HORROR,THRILLER,contemporary,Serious,Realistic,
South of Heaven West of Hell,4.1,Drama Western ,4000000,-0.997716,Rough,Atmospheric,criminal's_revenge,haunted_by_the_past,criminal_heroes,Deadly,Law_enforcement,gang,siblings_relations,Tough_Heroes,Crimes,Heroes,Mind_and_soul,Rivalry,Family_relations,PERIOD,WESTERN,independent,DRAMA,1900s,19th_century,Old_west,Arizona,USA,Desert,Small_town,Serious,Realistic,Slow,Country,Nudity,Profanity,Strong_Violent_Content,
Zoom,4.1,Action Adventure Family ,35000000,-0.817223,Humorous,Feel_Good,master_villain,superhero,superhuman_powers,supernatural_ability,young_heroes,rescue,save_the_world,friendship,teachers_and_students,alien_encounter,heroic_mission,space_travel,good_versus_evil,Danger,Escapades,Heroes,Imaginary,Rivalry,Youth,Space_and_aliens,golden_years,chase,Disorder,ADVENTURE,COMEDY,FAMILY,FANTASY,SCI-FI,based_on_book,Semi_Serious,Fantastic,
A Sound of Thunder,4.1,Action Adventure Horror ,52000000,-0.97999,Suspenseful,Scary,survival,experiment_gone_awry,heroic_mission,time_travel,Danger,Escapades,Heroes,Imaginary,leadership,future_dystopia,animal_life,Chases_and_races,Deadly,Disorder,FANTASY,SCI-FI,independent,ACTION,ADVENTURE,Future,Prehistory,based_on_short_story,Serious,Fantastic,
Basic Instinct 2,4.1,Crime Mystery Thriller ,70000000,-0.954026,Sexual,Suspenseful,femme_fatale,investigation,manipulations,mind_game,dangerous_attraction,doctors_and_patients,sexual_relations,murder,who_done_it,Crimes,Deadly,Dishonesty,Mind_and_soul,Rivalry,Power_relations,amateur_detective,protagonist_as_suspect,obsession,Danger,Couples,CRIME,EROTIC,THRILLER,independent,MYSTERY,contemporary,21st_century,Europe,London,Verbal_byplay,Twists_and_turns,Serious,Realistic,Strong_Sexual_Content,Mild_Violent_Content,Nudity,Profanity,
Sex and the City 2,4.2,Comedy Drama Romance ,100000000,-0.475691,Humorous,Stylized,Witty,Sexy,Touching,best_friends,couple_relations,friendship,sexual_relations,culture_clash,Way_of_Life,Couples,Friends,writer's_life,battle_of_the_sexes,fashion,city_life,Love_and_romance,Society,COMEDY,ROMANCE,contemporary,21st_century,blockbuster,Irreverent_humor,Ensemble_cast,Hollywood_Tone,Strong_Female_Presence,based_on_TV_series,Semi_Serious,Realistic,Pop,Strong_Sexual_Content,Nudity,Profanity,
Undiscovered,4.2,Comedy Music Romance ,9000000,-0.936068,Humorous,actor's_life,music_band,musician's_life,desire_for_fame,rise_and_fall,friendship,love_triangle,celebrity_culture,relationship_vs_career,showbiz,fall_in_love,Ambition,Way_of_Life,Love_and_romance,Unfulfillment,Artists_and_showbiz,Friends,rising_to_stardom,siblings_relations,tragic_love,unfulfilled_love,Couples,DRAMA,MUSIC,COMEDY,ROMANCE,contemporary,California,USA,Los_Angeles,New_York,Semi_Serious,Realistic,Pop,Rock,
Johnson Family Vacation,4.2,Comedy ,12000000,0.429061,Humorous,mischievous_children,parents_and_children,nothing_goes_right,family_life,Family_relations,Disorder,siblings_relations,Eccentric_Family,Youth,Couples,COMEDY,contemporary,21st_century,USA,Grossout_humor,Silly_Humor,On_the_Road,Not_Serious,Realistic,Drugs/Alcohol,Sexual_Content,
Deadfall Trail,4.2,Horror Thriller ,100000,-0.802798,Suspenseful,Tense,Rough,survival,human_nature,moral_dilemma,isolation,Danger,Mind_and_soul,friendship,Tough_Heroes,Confined,Escapades,Friends,THRILLER,independent,HORROR,contemporary,21st_century,Arizona,USA,in_the_woods,Wilderness,Serious,Realistic,Slow,Violent_Content,
Thunderbirds,4.2,Action Adventure Comedy ,57000000,-0.934694,Stylized,Exciting,Suspenseful,Captivating,fighting_crime,rescue,save_the_day,save_the_world,family_business,heroic_mission,Danger,Escapades,Heroes,Imaginary,Rivalry,Space_and_aliens,master_villain,space_travel,Family_relations,ACTION,ADVENTURE,SCI-FI,21st_century,Future,Island,Outer_space,Classic,cult,Hit_TV_Series,Original,Ensemble_cast,Futuristic,Serious,Fantastic,Stop_motion,
